ISIN,NSE_SYMBOL,NAME,INDUSTRY_GROUP,EXCLUDED,EXCLUDED_GATE,EXCLUDED_REASON,Q_SCORE,G_SCORE,S_SCORE,C_SCORE,COMPOSITE_BALANCED,TIER,BOUNDARY_FLAG,SCORE_VELOCITY,INSIDER_SELL_WARNING,PLEDGING_VELOCITY_WARNING,POSITION_SIZE_PCT,SECTOR_PHASE,MARKET_STATE,CLUSTER,SIGNALS_FIRED,HALF_CREDIT_SIGNALS,STALE_SIGNALS,SCORE_DATA_AGE,ENTRY_ZONE,STOP_LOSS,EXPECTED_RETURN,RISK_REWARD,PERCENTILE_RANK,SCORED_AT
INE144J01027,20MICRONS,20 MICRONS,Minerals & Mining,False,,,28,17,1,2,51,WATCHLIST_CONFIRMED,,вФА,False,False,1вАУ2% (volвЖУ),CORRECTION,BEAR,OTHER,1.0,,0.0,Fresh,вВє149 вАУ вВє155,вВє142 (вИТ6.3%),10вАУ15% (12m),вЪ† 1.9:1,89.5,2026-03-17 06:26:22
INE253B01015,21STCENMGM,21ST CENT. MGMT.,Capital Markets,True,CHRONIC_LOSSES,"NP negative 3 of 4 quarters, no turnaround signal",0,0,0,0,0,LANDMINE,,0,False,False,0%,,,,,,,Fresh,,,,,,2026-03-17 06:26:23
INE466L01038,360ONE,360 ONE,Capital Markets,False,,,21,13,5,4,43,WATCHLIST_CONFIRMED,вЦЉ At risk: near WATCHLIST_EXTERNAL boundary,вФА,True,False,0вАУ1% (volвЖУ) (ins.sellвЪ†),CORRECTION,BEAR,FINANCIALS,3.0,,0.0,Fresh,"вВє1,002 вАУ вВє1,033",вВє971 (вИТ4.5%),10вАУ15% (12m),вЬЕ 2.6:1,76.8,2026-03-17 06:26:23
INE748C01038,3IINFOLTD,3I INFOTECH,IT - Software,False,,,20,8,3,2,36,WATCHLIST_EXTERNAL,,вФА,False,False,0вАУ1%,CORRECTION,BEAR,OTHER,2.0,,0.0,Fresh,вВє13 вАУ вВє13,вВє12 (вИТ4.4%),5вАУ10% (12m),вЪ† 1.6:1,62.6,2026-03-17 06:26:23
INE470A01017,3MINDIA,3M INDIA,Diversified,False,,,28,17,3,2,50,WATCHLIST_CONFIRMED,,вФА,False,False,1вАУ2% (volвЖУ),CORRECTION,BEAR,OTHER,2.0,,0.0,Fresh,"вВє31,397 вАУ вВє32,603","вВє30,191 (вИТ5.7%)",10вАУ15% (12m),вЬЕ 2.1:1,88.1,2026-03-17 06:26:23
INE105C01023,3PLAND,3P LAND HOLD.,Finance,True,ILLIQUID,Avg daily traded value вВє2.4L < вВє10.0L,0,0,0,0,0,LANDMINE,,0,False,False,0%,,,,,,,Fresh,,,,,,2026-03-17 06:26:23
INE618L01018,5PAISA,5PAISA CAPITAL,Capital Markets,False,,,24,9,5,4,45,WATCHLIST_CONFIRMED,вЦЉ At risk: near WATCHLIST_EXTERNAL boundary,вФА,False,False,1вАУ2% (volвЖУ),CORRECTION,BEAR,FINANCIALS,3.0,,0.0,Fresh,вВє284 вАУ вВє297,вВє272 (вИТ6.5%),10вАУ15% (12m),вЪ† 1.9:1,80.2,2026-03-17 06:26:23
INE111B01023,63MOONS,63 MOONS TECH.,IT - Software,True,CHRONIC_LOSSES,"NP negative 3 of 4 quarters, no turnaround signal",0,0,0,0,0,LANDMINE,,0,False,False,0%,,,,,,,Fresh,,,,,,2026-03-17 06:26:23
INE619I01012,A2ZINFRA,A2Z INFRA ENGG.,Construction,False,,,8,7,3,0,21,MONITOR,,вФА,False,False,0%,TOPPING,BEAR,OTHER,2.0,,0.0,Fresh,вВє15 вАУ вВє16,вВє14 (вИТ12.2%),,,24.1,2026-03-17 06:26:23
INE0D0U01013,AAATECH,AAA TECHNOLOGIES,Commercial Services & Supplies,False,,,21,19,5,2,50,WATCHLIST_CONFIRMED,,вФА,False,False,1вАУ2% (volвЖУ),CORRECTION,BEAR,OTHER,3.0,,0.0,Fresh,вВє90 вАУ вВє95,вВє85 (вИТ7.7%),10вАУ15% (12m),вЪ† 1.6:1,88.1,2026-03-17 06:26:23
INE883F01010,AADHARHFC,AADHAR HSG. FIN.,Finance,False,,,16,13,5,4,38,WATCHLIST_EXTERNAL,,вФА,True,False,0% (volвЖУ) (ins.sellвЪ†),LATE_CYCLE,BEAR,FINANCIALS,3.0,,0.0,Fresh,вВє450 вАУ вВє474,вВє427 (вИТ7.6%),5вАУ10% (12m),вЭМ 0.9:1,66.1,2026-03-17 06:26:23
INE1GYP01013,AAKAAR,AAKAAR MEDICAL,Personal Products,False,,,35,13,1,2,54,WATCHLIST_CONFIRMED,,вФА,False,False,1вАУ2% (volвЖУ),CORRECTION,BEAR,OTHER,1.0,,0.0,Fresh,вВє52 вАУ вВє55,вВє49 (вИТ8.1%),10вАУ15% (12m),вЭМ 1.5:1,93.3,2026-03-17 06:26:23
INE087Z01024,AAKASH,AAKASH EXPLOR.,Oil,False,,,0,0,0,0,0,AVOID,,0,False,False,0%,,,,,,,Fresh,,,,,,2026-03-17 06:26:23
INE124401014,AARADHYA,AARADHYA DIS.,"Paper, Forest & Jute Products",True,ILLIQUID,Avg daily traded value вВє4.1L < вВє10.0L,0,0,0,0,0,LANDMINE,,0,False,False,0%,,,,,,,Fresh,,,,,,2026-03-17 06:26:23
INE198H01019,AAREYDRUGS,AAREY DRUGS,Pharmaceuticals & Biotechnology,False,,,0,0,0,0,0,AVOID,,0,False,False,0%,,,,,,,Fresh,,,,,,2026-03-17 06:26:23
INE750R01016,AARNAV,AARNAV FASHIONS,Textiles & Apparels,True,ILLIQUID,Avg daily traded value вВє7.2L < вВє10.0L,0,0,0,0,0,LANDMINE,,0,False,False,0%,,,,,,,Fresh,,,,,,2026-03-17 06:26:23
INE721Z01010,AARON,AARON INDUSTRIES,Industrial Manufacturing,False,,,21,19,3,2,48,WATCHLIST_CONFIRMED,,вФА,False,False,1вАУ2% (volвЖУ),CORRECTION,BEAR,OTHER,2.0,,0.0,Fresh,вВє137 вАУ вВє146,вВє128 (вИТ9.5%),10вАУ15% (12m),вЭМ 1.3:1,85.2,2026-03-17 06:26:23
INE01C001026,AARTECH,AARTECH SOLONICS,Electrical Equipment,True,ILLIQUID,Avg daily traded value вВє9.9L < вВє10.0L,0,0,0,0,0,LANDMINE,,0,False,False,0%,,,,,,,Fresh,,,,,,2026-03-17 06:26:23
INE767A01016,AARTIDRUGS,AARTI DRUGS,Pharmaceuticals & Biotechnology,False,,,28,1,1,2,32,WATCHLIST_EXTERNAL,,вФА,False,False,0вАУ1%,CORRECTION,BEAR,OTHER,1.0,,0.0,Fresh,вВє333 вАУ вВє343,вВє323 (вИТ4.4%),5вАУ10% (12m),вЪ† 1.6:1,51.3,2026-03-17 06:26:23
INE769A01020,AARTIIND,AARTI INDUSTRIES,Chemicals & Petrochemicals,False,,,0,0,0,0,0,AVOID,,0,False,False,0%,,,,,,,Fresh,,,,,,2026-03-17 06:26:23
INE0LRU01027,AARTIPHARM,AARTI PHARMA,Pharmaceuticals & Biotechnology,False,,,24,19,3,2,48,WATCHLIST_CONFIRMED,,вФА,False,False,1вАУ2% (volвЖУ),CORRECTION,BEAR,OTHER,2.0,,0.0,Fresh,вВє616 вАУ вВє641,вВє590 (вИТ6.1%),10вАУ15% (12m),вЪ† 2.0:1,85.2,2026-03-17 06:26:23
INE09EO01013,AARTISURF,AARTI SURFACTANT,Chemicals & Petrochemicals,True,ILLIQUID,Avg daily traded value вВє0.1L < вВє10.0L,0,0,0,0,0,LANDMINE,,0,False,False,0%,,,,,,,Fresh,,,,,,2026-03-17 06:26:23
INE754X01016,AARVI,AARVI ENCON,Commercial Services & Supplies,False,,,0,0,0,0,0,AVOID,,0,False,False,0%,,,,,,,Fresh,,,,,,2026-03-17 06:26:23
INE0OB201016,AATMAJ,AATMAJ HEALTH,Healthcare Services,True,ILLIQUID,Avg daily traded value вВє1.6L < вВє10.0L,0,0,0,0,0,LANDMINE,,0,False,False,0%,,,,,,,Fresh,,,,,,2026-03-17 06:26:23
INE216P01012,AAVAS,AAVAS FINANCIERS,Finance,False,,,12,13,3,4,32,WATCHLIST_EXTERNAL,,вФА,False,False,0% (volвЖУ),LATE_CYCLE,BEAR,FINANCIALS,2.0,,0.0,Fresh,"вВє1,110 вАУ вВє1,152","вВє1,068 (вИТ5.6%)",5вАУ10% (12m),вЭМ 1.3:1,51.3,2026-03-17 06:26:23
INE421A01028,ABAN,ABAN OFFSHORE,Oil,True,DISTRESS,Altman Z = -42.69 (bankruptcy zone),0,0,0,0,0,LANDMINE,,0,False,False,0%,,,,,,,Fresh,,,,,,2026-03-17 06:26:23
INE117A01022,ABB,A B B,Electrical Equipment,False,,,28,17,7,2,54,WATCHLIST_CONFIRMED,,вФА,False,False,1вАУ2% (volвЖУ),CORRECTION,BEAR,OTHER,5.0,,0.0,Fresh,"вВє6,099 вАУ вВє6,294","вВє5,905 (вИТ4.7%)",10вАУ15% (12m),вЬЕ 2.5:1,93.3,2026-03-17 06:26:23
INE358A01014,ABBOTINDIA,ABBOTT INDIA,Pharmaceuticals & Biotechnology,False,,,28,9,4,2,43,WATCHLIST_CONFIRMED,вЦЉ At risk: near WATCHLIST_EXTERNAL boundary,вФА,False,False,2вАУ3%,CORRECTION,BEAR,OTHER,3.0,,0.0,Fresh,"вВє26,541 вАУ вВє27,210","вВє25,871 (вИТ3.7%)",10вАУ15% (12m),вЬЕ 3.2:1,76.8,2026-03-17 06:26:23
INE674K01013,ABCAPITAL,ADITYA BIRLA CAP,Finance,False,,,8,13,3,4,28,WATCHLIST_EXTERNAL,вЦЉ At risk: near MONITOR boundary,вФА,False,False,0% (volвЖУ),LATE_CYCLE,BEAR,FINANCIALS,2.0,,0.0,Fresh,вВє304 вАУ вВє316,вВє292 (вИТ5.8%),5вАУ10% (12m),вЭМ 1.2:1,44.7,2026-03-17 06:26:23
INE08PH01015,ABCOTS,AB COTSPIN,Textiles & Apparels,False,,,21,13,1,2,40,WATCHLIST_EXTERNAL,вЦ≤ Approaching WATCHLIST_CONFIRMED,вФА,False,False,0% (volвЖУ),CORRECTION,BEAR,OTHER,1.0,,0.0,Fresh,вВє388 вАУ вВє414,вВє362 (вИТ9.7%),5вАУ10% (12m),вЭМ 0.7:1,70.3,2026-03-17 06:26:23
INE552Z01027,ABDL,ALLIED BLENDERS,Beverages,False,,,22,9,1,2,34,WATCHLIST_EXTERNAL,,вФА,False,False,0% (volвЖУ),CORRECTION,BEAR,CONSUMPTION,1.0,,0.0,Fresh,вВє434 вАУ вВє454,вВє413 (вИТ6.9%),5вАУ10% (12m),вЭМ 1.0:1,57.4,2026-03-17 06:26:23
INE647O01011,ABFRL,ADITYA BIR. FAS.,Retailing,True,CHRONIC_LOSSES,"NP negative 3 of 4 quarters, no turnaround signal",0,0,0,0,0,LANDMINE,,0,False,False,0%,,,,,,,Fresh,,,,,,2026-03-17 06:26:23
INE0UYG01015,ABHAPOWER,ABHA POWER,Industrial Products,True,ILLIQUID,Avg daily traded value вВє1.9L < вВє10.0L,0,0,0,0,0,LANDMINE,,0,False,False,0%,,,,,,,Fresh,,,,,,2026-03-17 06:26:23
INE00YB01025,ABINFRA,A B INFRABUILD,Construction,False,,,21,13,3,0,40,WATCHLIST_EXTERNAL,вЦ≤ Approaching WATCHLIST_CONFIRMED,вФА,False,False,0% (volвЖУ),TOPPING,BEAR,OTHER,2.0,,0.0,Fresh,вВє16 вАУ вВє18,вВє15 (вИТ10.6%),5вАУ10% (12m),вЭМ 0.7:1,70.3,2026-03-17 06:26:23
INE14LE01019,ABLBL,A B LIFESTYLE,Retailing,False,,,13,7,5,2,27,MONITOR,вЦ≤ Approaching WATCHLIST_EXTERNAL,вФА,False,False,0%,CORRECTION,BEAR,OTHER,3.0,,0.0,Fresh,вВє94 вАУ вВє98,вВє89 (вИТ6.6%),,,39.4,2026-03-17 06:26:23
INE251C01025,ABMINTLLTD,A B M INTERNATL.,Commercial Services & Supplies,True,CHRONIC_LOSSES,"NP negative 3 of 4 quarters, no turnaround signal",0,0,0,0,0,LANDMINE,,0,False,False,0%,,,,,,,Fresh,,,,,,2026-03-17 06:26:23
INE055A01016,ABREL,A B REAL ESTATE,"Paper, Forest & Jute Products",True,CHRONIC_LOSSES,"NP negative 3 of 4 quarters, no turnaround signal",0,0,0,0,0,LANDMINE,,0,False,False,0%,,,,,,,Fresh,,,,,,2026-03-17 06:26:23
INE404A01024,ABSLAMC,ADITYA AMC,Capital Markets,False,,,29,11,7,4,51,WATCHLIST_CONFIRMED,,вФА,False,False,1вАУ2% (volвЖУ),CORRECTION,BEAR,FINANCIALS,5.0,,0.0,Fresh,вВє945 вАУ вВє999,вВє892 (вИТ8.3%),10вАУ15% (12m),вЭМ 1.4:1,89.5,2026-03-17 06:26:23
INE0QRV01016,ABSMARINE,ABS MARINE,Transport Services,False,,,22,19,3,2,49,WATCHLIST_CONFIRMED,,вФА,False,False,1вАУ2% (volвЖУ),CORRECTION,BEAR,OTHER,2.0,,0.0,Fresh,вВє150 вАУ вВє159,вВє141 (вИТ8.5%),10вАУ15% (12m),вЭМ 1.4:1,86.6,2026-03-17 06:26:23
INE012A01025,ACC,ACC,Cement & Cement Products,False,,,28,11,3,2,44,WATCHLIST_CONFIRMED,вЦЉ At risk: near WATCHLIST_EXTERNAL boundary,вФА,False,False,2вАУ3%,CORRECTION,BEAR,OTHER,2.0,,0.0,Fresh,"вВє1,358 вАУ вВє1,394","вВє1,321 (вИТ4.0%)",10вАУ15% (12m),вЬЕ 3.0:1,78.4,2026-03-17 06:26:23
INE793A01012,ACCELYA,ACCELYA SOLUTION,IT - Software,False,,,35,17,1,2,58,WATCHLIST_CONFIRMED,вЦ≤ Approaching STRONG,вФА,False,False,1вАУ2% (volвЖУ),CORRECTION,BEAR,OTHER,1.0,,0.0,Fresh,"вВє1,136 вАУ вВє1,174","вВє1,099 (вИТ4.9%)",10вАУ15% (12m),вЬЕ 2.5:1,97.2,2026-03-17 06:26:23
INE0Q5D01013,ACCENTMIC,ACCENT MICROCELL,Pharmaceuticals & Biotechnology,False,,,31,17,4,2,57,WATCHLIST_CONFIRMED,вЦ≤ Approaching STRONG,вФА,False,False,1вАУ2% (volвЖУ),CORRECTION,BEAR,OTHER,3.0,,0.0,Fresh,вВє339 вАУ вВє352,вВє326 (вИТ5.5%),10вАУ15% (12m),вЬЕ 2.2:1,96.3,2026-03-17 06:26:23
INE113X01015,ACCORD,ACCORD SYNERGY,Telecom - Services,True,ILLIQUID,Avg daily traded value вВє1.5L < вВє10.0L,0,0,0,0,0,LANDMINE,,0,False,False,0%,,,,,,,Fresh,,,,,,2026-03-17 06:26:23
INE0T8T01010,ACCPL,ACCRETION PHA.,Pharmaceuticals & Biotechnology,True,ILLIQUID,Avg daily traded value вВє4.9L < вВє10.0L,0,0,0,0,0,LANDMINE,,0,False,False,0%,,,,,,,Fresh,,,,,,2026-03-17 06:26:23
INE648Z01023,ACCURACY,ACCURACY SHIPPI.,Transport Services,True,ILLIQUID,Avg daily traded value вВє7.7L < вВє10.0L,0,0,0,0,0,LANDMINE,,0,False,False,0%,,,,,,,Fresh,,,,,,2026-03-17 06:26:23
INE731H01025,ACE,ACTION CONST.EQ.,"Agricultural, Commercial & Construction Vehicles",False,,,33,19,5,2,59,WATCHLIST_CONFIRMED,вЦ≤ Approaching STRONG,вФА,False,False,1вАУ2% (volвЖУ),CORRECTION,BEAR,OTHER,3.0,,0.0,Fresh,вВє801 вАУ вВє831,вВє771 (вИТ5.6%),10вАУ15% (12m),вЬЕ 2.2:1,97.8,2026-03-17 06:26:23
INE543V01017,ACEINTEG,ACE INTEGRATED,Commercial Services & Supplies,True,CHRONIC_LOSSES,"NP negative 3 of 4 quarters, no turnaround signal",0,0,0,0,0,LANDMINE,,0,False,False,0%,,,,,,,Fresh,,,,,,2026-03-17 06:26:23
INE1J6M01010,ACETEC,ACETECH E-COMMERCE,Retailing,False,,,15,7,1,2,28,WATCHLIST_EXTERNAL,вЦЉ At risk: near MONITOR boundary,вФА,False,False,0% (volвЖУ),CORRECTION,BEAR,OTHER,1.0,,0.0,Fresh,вВє130 вАУ вВє138,вВє121 (вИТ9.8%),5вАУ10% (12m),вЭМ 0.7:1,44.7,2026-03-17 06:26:23
INE128X01021,ACI,ARCHEAN CHEMICAL,Chemicals & Petrochemicals,False,,,0,0,0,0,0,AVOID,,0,False,False,0%,,,,,,,Fresh,,,,,,2026-03-17 06:26:23
INE666E01020,ACL,ANDHRA CEMENTS,Cement & Cement Products,True,DISTRESS,Altman Z = 0.52 (bankruptcy zone),0,0,0,0,0,LANDMINE,,0,False,False,0%,,,,,,,Fresh,,,,,,2026-03-17 06:26:23
