INDUSTRY_GROUP,CYCLE_PHASE,CYCLE_ICON,SECTOR_RS,SECTOR_RS_STATUS,RETURN_6M_PCT,NIFTY_6M_PCT,RETURN_1Y_MED,RETURN_3M_MED,RETURN_1M_MED,RETURN_1W_MED,MOMENTUM_MONTHLY_3M,MOMENTUM_MONTHLY_1M,MOMENTUM_ACCELERATION,STOCK_COUNT,CYCLE_NOTE,AS_OF_DATE
Healthcare Equipment & Supplies,LATE_CYCLE,⚠️,10.67,OUTPERFORMING,1.74,-8.93,-37.68,-22.86,-8.12,-1.68,-7.62,-8.12,-0.5,12,Outperforming but decelerating (-0.5%/mo delta). Watch for rotation signals. 3M: -22.9% | Phase sustained 2+ consecutive runs.,2026-03-28
Agricultural Food & other Products,BASING,⏸️,0.0,UNDERPERFORMING,0.0,0.0,-10.17,-11.9,-5.96,-1.38,-3.97,-5.96,-1.99,91,Underperforming but stabilising (-2.0%/mo delta). No clear bottom yet. 3M: -11.9% | Phase sustained 2+ consecutive runs.,2026-03-28
Diversified Metals,BASING,⏸️,0.0,UNDERPERFORMING,0.0,0.0,86.05,-5.46,-1.7,2.5,-1.82,-1.7,0.12,5,Underperforming but stabilising (+0.1%/mo delta). No clear bottom yet. 3M: -5.5% | Phase sustained 2+ consecutive runs.,2026-03-28
Electrical Equipment,BASING,⏸️,0.0,UNDERPERFORMING,0.0,0.0,-2.44,-12.26,-5.24,-2.02,-4.09,-5.24,-1.15,84,Underperforming but stabilising (-1.1%/mo delta). No clear bottom yet. 3M: -12.3% | Phase sustained 2+ consecutive runs.,2026-03-28
Engineering Services,BASING,⏸️,0.0,UNDERPERFORMING,0.0,0.0,35.74,-10.73,-2.77,-1.97,-3.58,-2.77,0.81,2,Underperforming but stabilising (+0.8%/mo delta). No clear bottom yet. 3M: -10.7% | Phase sustained 2+ consecutive runs.,2026-03-28
IT - Hardware,BASING,⏸️,0.0,UNDERPERFORMING,0.0,0.0,-2.16,-21.28,-6.05,-3.36,-7.09,-6.05,1.04,18,Underperforming but stabilising (+1.0%/mo delta). No clear bottom yet. 3M: -21.3% | Phase sustained 2+ consecutive runs.,2026-03-28
Minerals & Mining,BASING,⏸️,0.0,UNDERPERFORMING,0.0,0.0,3.1,-17.14,-4.22,-2.01,-5.71,-4.22,1.49,10,Underperforming but stabilising (+1.5%/mo delta). No clear bottom yet. 3M: -17.1% | Phase sustained 2+ consecutive runs.,2026-03-28
Pharmaceuticals & Biotechnology,BASING,⏸️,0.0,UNDERPERFORMING,0.0,0.0,-9.01,-10.95,-5.12,-1.43,-3.65,-5.12,-1.47,136,Underperforming but stabilising (-1.5%/mo delta). No clear bottom yet. 3M: -10.9% | Phase sustained 2+ consecutive runs.,2026-03-28
Power,BASING,⏸️,0.0,UNDERPERFORMING,0.0,0.0,1.16,-8.64,-3.55,-1.59,-2.88,-3.55,-0.67,37,Underperforming but stabilising (-0.7%/mo delta). No clear bottom yet. 3M: -8.6% | Phase sustained 2+ consecutive runs.,2026-03-28
Beverages,BASING,⏸️,-7.23,UNDERPERFORMING,-16.16,-8.93,-14.77,-16.02,-7.02,-0.72,-5.34,-7.02,-1.68,17,Underperforming but stabilising (-1.7%/mo delta). No clear bottom yet. 3M: -16.0% | Phase sustained 2+ consecutive runs.,2026-03-28
Fertilizers & Agrochemicals,TOPPING,🔴,11.02,OUTPERFORMING,2.09,-8.93,-4.93,-19.51,-11.96,-3.12,-6.5,-11.96,-5.46,46,Outperforming but hard reversal in recent month (-5.5%/mo delta). Possible distribution / exit zone. 3M: -19.5% | Phase sustained 2+ consecutive runs.,2026-03-28
Healthcare Services,TOPPING,🔴,10.67,OUTPERFORMING,1.74,-8.93,-3.28,-14.25,-8.95,-2.06,-4.75,-8.95,-4.2,43,Outperforming but hard reversal in recent month (-4.2%/mo delta). Possible distribution / exit zone. 3M: -14.2% | Phase sustained 2+ consecutive runs.,2026-03-28
Consumable Fuels,TOPPING,🔴,8.11,OUTPERFORMING,-0.82,-8.93,-36.19,-18.44,-5.74,-6.2,-6.15,-5.74,0.41,4,LATE_CYCLE upgraded to TOPPING: 1W return -6.2% signals distribution starting. Accel: +0.4%/mo. 3M: -18.4% | Phase sustained 2+ consecutive runs.,2026-03-28
Construction,TOPPING,🔴,4.25,OUTPERFORMING,-4.68,-8.93,-30.62,-22.79,-13.45,-4.14,-7.6,-13.45,-5.85,121,Outperforming but hard reversal in recent month (-5.8%/mo delta). Possible distribution / exit zone. 3M: -22.8% | Phase sustained 2+ consecutive runs.,2026-03-28
Banks,TOPPING,🔴,3.77,OUTPERFORMING,-5.16,-8.93,25.84,-7.52,-11.65,-2.48,-2.51,-11.65,-9.14,41,Outperforming but hard reversal in recent month (-9.1%/mo delta). Possible distribution / exit zone. 3M: -7.5% | Phase sustained 2+ consecutive runs.,2026-03-28
Finance,TOPPING,🔴,3.77,OUTPERFORMING,-5.16,-8.93,-4.69,-14.47,-9.46,-3.2,-4.82,-9.46,-4.64,149,Outperforming but hard reversal in recent month (-4.6%/mo delta). Possible distribution / exit zone. 3M: -14.5% | Phase sustained 2+ consecutive runs.,2026-03-28
Financial Technology (Fintech),TOPPING,🔴,3.77,OUTPERFORMING,-5.16,-8.93,-35.53,-26.54,-12.35,-7.43,-8.85,-12.35,-3.5,10,LATE_CYCLE upgraded to TOPPING: 1W return -7.4% signals distribution starting. Accel: -3.5%/mo. 3M: -26.5% | Phase sustained 2+ consecutive runs.,2026-03-28
Insurance,TOPPING,🔴,3.77,OUTPERFORMING,-5.16,-8.93,1.69,-8.43,-11.57,-4.01,-2.81,-11.57,-8.76,13,Outperforming but hard reversal in recent month (-8.8%/mo delta). Possible distribution / exit zone. 3M: -8.4% | Phase sustained 2+ consecutive runs.,2026-03-28
Aerospace & Defense,CORRECTION,📉,0.0,UNDERPERFORMING,0.0,0.0,27.32,-10.3,-5.84,-3.76,-3.43,-5.84,-2.41,24,Underperforming and still falling (-2.4%/mo delta). Avoid — let correction complete. 3M: -10.3% | Phase sustained 2+ consecutive runs.,2026-03-28
"Agricultural, Commercial & Construction Vehicles",CORRECTION,📉,0.0,UNDERPERFORMING,0.0,0.0,-13.86,-16.69,-14.08,-4.11,-5.56,-14.08,-8.52,13,Underperforming and still falling (-8.5%/mo delta). Avoid — let correction complete. 3M: -16.7% | Phase sustained 2+ consecutive runs.,2026-03-28
Auto Components,CORRECTION,📉,0.0,UNDERPERFORMING,0.0,0.0,13.58,-11.7,-11.12,-2.74,-3.9,-11.12,-7.22,113,Underperforming and still falling (-7.2%/mo delta). Avoid — let correction complete. 3M: -11.7% | Phase sustained 2+ consecutive runs.,2026-03-28
Automobiles,CORRECTION,📉,0.0,UNDERPERFORMING,0.0,0.0,12.82,-13.25,-9.44,-2.09,-4.42,-9.44,-5.02,19,Underperforming and still falling (-5.0%/mo delta). Avoid — let correction complete. 3M: -13.2% | Phase sustained 2+ consecutive runs.,2026-03-28
Capital Markets,CORRECTION,📉,0.0,UNDERPERFORMING,0.0,0.0,-12.95,-17.14,-10.74,-2.32,-5.71,-10.74,-5.03,49,Underperforming and still falling (-5.0%/mo delta). Avoid — let correction complete. 3M: -17.1% | Phase sustained 2+ consecutive runs.,2026-03-28
Cement & Cement Products,CORRECTION,📉,0.0,UNDERPERFORMING,0.0,0.0,-7.17,-16.54,-11.86,-2.63,-5.51,-11.86,-6.35,32,Underperforming and still falling (-6.3%/mo delta). Avoid — let correction complete. 3M: -16.5% | Phase sustained 2+ consecutive runs.,2026-03-28
Chemicals & Petrochemicals,CORRECTION,📉,0.0,UNDERPERFORMING,0.0,0.0,-16.37,-19.2,-10.09,-2.5,-6.4,-10.09,-3.69,145,Underperforming and still falling (-3.7%/mo delta). Avoid — let correction complete. 3M: -19.2% | Phase sustained 2+ consecutive runs.,2026-03-28
Diversified,CORRECTION,📉,0.0,UNDERPERFORMING,0.0,0.0,-20.29,-10.29,-11.98,-2.96,-3.43,-11.98,-8.55,7,Underperforming and still falling (-8.6%/mo delta). Avoid — let correction complete. 3M: -10.3% | Phase sustained 2+ consecutive runs.,2026-03-28
Diversified FMCG,CORRECTION,📉,0.0,UNDERPERFORMING,0.0,0.0,-4.14,-2.23,-8.16,-1.25,-0.74,-8.16,-7.42,5,Underperforming and still falling (-7.4%/mo delta). Avoid — let correction complete. 3M: -2.2% | Phase sustained 2+ consecutive runs.,2026-03-28
Ferrous Metals,CORRECTION,📉,0.0,UNDERPERFORMING,0.0,0.0,11.15,-12.32,-12.12,-2.56,-4.11,-12.12,-8.01,27,Underperforming and still falling (-8.0%/mo delta). Avoid — let correction complete. 3M: -12.3% | Phase sustained 2+ consecutive runs.,2026-03-28
Food Products,CORRECTION,📉,0.0,UNDERPERFORMING,0.0,0.0,-13.64,-12.12,-8.54,-1.86,-4.04,-8.54,-4.5,55,Underperforming and still falling (-4.5%/mo delta). Avoid — let correction complete. 3M: -12.1% | Phase sustained 2+ consecutive runs.,2026-03-28
Gas,CORRECTION,📉,0.0,UNDERPERFORMING,0.0,0.0,-16.0,-17.39,-18.47,-7.74,-5.8,-18.47,-12.67,11,Underperforming and still falling (-12.7%/mo delta). Avoid — let correction complete. 3M: -17.4% | Phase sustained 2+ consecutive runs.,2026-03-28
Household Products,CORRECTION,📉,0.0,UNDERPERFORMING,0.0,0.0,-17.57,-13.82,-12.06,-2.01,-4.61,-12.06,-7.45,9,Underperforming and still falling (-7.5%/mo delta). Avoid — let correction complete. 3M: -13.8% | Phase sustained 2+ consecutive runs.,2026-03-28
Industrial Manufacturing,CORRECTION,📉,0.0,UNDERPERFORMING,0.0,0.0,-12.6,-16.86,-9.66,-2.99,-5.62,-9.66,-4.04,86,Underperforming and still falling (-4.0%/mo delta). Avoid — let correction complete. 3M: -16.9% | Phase sustained 2+ consecutive runs.,2026-03-28
Industrial Products,CORRECTION,📉,0.0,UNDERPERFORMING,0.0,0.0,-5.91,-14.29,-8.73,-2.99,-4.76,-8.73,-3.97,283,Underperforming and still falling (-4.0%/mo delta). Avoid — let correction complete. 3M: -14.3% | Phase sustained 2+ consecutive runs.,2026-03-28
Leisure Services,CORRECTION,📉,0.0,UNDERPERFORMING,0.0,0.0,-19.8,-22.21,-13.48,-5.04,-7.4,-13.48,-6.08,64,Underperforming and still falling (-6.1%/mo delta). Avoid — let correction complete. 3M: -22.2% | Phase sustained 2+ consecutive runs.,2026-03-28
Media,CORRECTION,📉,0.0,UNDERPERFORMING,0.0,0.0,-7.77,-22.46,-12.94,-3.7,-7.49,-12.94,-5.45,23,Underperforming and still falling (-5.5%/mo delta). Avoid — let correction complete. 3M: -22.5% | Phase sustained 2+ consecutive runs.,2026-03-28
Metals & Minerals Trading,CORRECTION,📉,0.0,UNDERPERFORMING,0.0,0.0,-12.63,-15.23,-10.27,-6.14,-5.08,-10.27,-5.19,8,Underperforming and still falling (-5.2%/mo delta). Avoid — let correction complete. 3M: -15.2% | Phase sustained 2+ consecutive runs.,2026-03-28
Non - Ferrous Metals,CORRECTION,📉,0.0,UNDERPERFORMING,0.0,0.0,39.17,-0.62,-10.56,-3.68,-0.21,-10.56,-10.35,10,Underperforming and still falling (-10.3%/mo delta). Avoid — let correction complete. 3M: -0.6% | Phase sustained 2+ consecutive runs.,2026-03-28
Oil,CORRECTION,📉,0.0,UNDERPERFORMING,0.0,0.0,-4.35,-7.01,-7.06,0.2,-2.34,-7.06,-4.72,15,Underperforming and still falling (-4.7%/mo delta). Avoid — let correction complete. 3M: -7.0% | Phase sustained 2+ consecutive runs.,2026-03-28
Other Construction Materials,CORRECTION,📉,0.0,UNDERPERFORMING,0.0,0.0,-16.89,-24.0,-14.18,-2.62,-8.0,-14.18,-6.18,6,Underperforming and still falling (-6.2%/mo delta). Avoid — let correction complete. 3M: -24.0% | Phase sustained 2+ consecutive runs.,2026-03-28
Other Utilities,CORRECTION,📉,0.0,UNDERPERFORMING,0.0,0.0,-13.54,-16.3,-10.22,-1.72,-5.43,-10.22,-4.79,18,Underperforming and still falling (-4.8%/mo delta). Avoid — let correction complete. 3M: -16.3% | Phase sustained 2+ consecutive runs.,2026-03-28
"Paper, Forest & Jute Products",CORRECTION,📉,0.0,UNDERPERFORMING,0.0,0.0,-15.57,-17.75,-9.71,-3.66,-5.92,-9.71,-3.79,28,Underperforming and still falling (-3.8%/mo delta). Avoid — let correction complete. 3M: -17.8% | Phase sustained 2+ consecutive runs.,2026-03-28
Personal Products,CORRECTION,📉,0.0,UNDERPERFORMING,0.0,0.0,-9.32,-12.5,-14.72,-1.44,-4.17,-14.72,-10.55,14,Underperforming and still falling (-10.6%/mo delta). Avoid — let correction complete. 3M: -12.5% | Phase sustained 2+ consecutive runs.,2026-03-28
Petroleum Products,CORRECTION,📉,0.0,UNDERPERFORMING,0.0,0.0,-3.33,-11.56,-6.83,-2.93,-3.85,-6.83,-2.98,16,Underperforming and still falling (-3.0%/mo delta). Avoid — let correction complete. 3M: -11.6% | Phase sustained 2+ consecutive runs.,2026-03-28
Printing & Publication,CORRECTION,📉,0.0,UNDERPERFORMING,0.0,0.0,-8.51,-21.24,-10.42,-2.98,-7.08,-10.42,-3.34,5,Underperforming and still falling (-3.3%/mo delta). Avoid — let correction complete. 3M: -21.2% | Phase sustained 2+ consecutive runs.,2026-03-28
Realty,CORRECTION,📉,0.0,UNDERPERFORMING,0.0,0.0,-17.64,-22.37,-13.33,-3.6,-7.46,-13.33,-5.87,79,Underperforming and still falling (-5.9%/mo delta). Avoid — let correction complete. 3M: -22.4% | Phase sustained 2+ consecutive runs.,2026-03-28
Telecom -  Equipment & Accessories,CORRECTION,📉,0.0,UNDERPERFORMING,0.0,0.0,-10.7,-12.72,-7.37,-4.34,-4.24,-7.37,-3.13,10,Underperforming and still falling (-3.1%/mo delta). Avoid — let correction complete. 3M: -12.7% | Phase sustained 2+ consecutive runs.,2026-03-28
Textiles & Apparels,CORRECTION,📉,0.0,UNDERPERFORMING,0.0,0.0,-18.54,-18.79,-12.23,-4.18,-6.26,-12.23,-5.97,154,Underperforming and still falling (-6.0%/mo delta). Avoid — let correction complete. 3M: -18.8% | Phase sustained 2+ consecutive runs.,2026-03-28
Transport Infrastructure,CORRECTION,📉,0.0,UNDERPERFORMING,0.0,0.0,3.66,-11.85,-10.69,-2.13,-3.95,-10.69,-6.74,18,Underperforming and still falling (-6.7%/mo delta). Avoid — let correction complete. 3M: -11.8% | Phase sustained 2+ consecutive runs.,2026-03-28
Transport Services,CORRECTION,📉,0.0,UNDERPERFORMING,0.0,0.0,-11.98,-16.52,-10.24,-3.32,-5.51,-10.24,-4.73,74,Underperforming and still falling (-4.7%/mo delta). Avoid — let correction complete. 3M: -16.5% | Phase sustained 2+ consecutive runs.,2026-03-28
Commercial Services & Supplies,CORRECTION,📉,-5.35,UNDERPERFORMING,-14.28,-8.93,-19.58,-20.67,-11.56,-3.66,-6.89,-11.56,-4.67,106,Underperforming and still falling (-4.7%/mo delta). Avoid — let correction complete. 3M: -20.7% | Phase sustained 2+ consecutive runs.,2026-03-28
Consumer Durables,CORRECTION,📉,-5.35,UNDERPERFORMING,-14.28,-8.93,-17.64,-17.96,-10.44,-3.26,-5.99,-10.44,-4.45,170,Underperforming and still falling (-4.5%/mo delta). Avoid — let correction complete. 3M: -18.0% | Phase sustained 2+ consecutive runs.,2026-03-28
Other Consumer Services,CORRECTION,📉,-5.35,UNDERPERFORMING,-14.28,-8.93,-31.22,-26.48,-14.12,-3.66,-8.83,-14.12,-5.29,32,Underperforming and still falling (-5.3%/mo delta). Avoid — let correction complete. 3M: -26.5% | Phase sustained 2+ consecutive runs.,2026-03-28
Retailing,CORRECTION,📉,-5.35,UNDERPERFORMING,-14.28,-8.93,-33.92,-23.2,-10.69,-3.24,-7.73,-10.69,-2.96,54,Underperforming and still falling (-3.0%/mo delta). Avoid — let correction complete. 3M: -23.2% | Phase sustained 2+ consecutive runs.,2026-03-28
IT - Services,CORRECTION,📉,-6.65,UNDERPERFORMING,-15.58,-8.93,-16.88,-24.44,-13.11,-5.01,-8.15,-13.11,-4.96,63,Underperforming and still falling (-5.0%/mo delta). Avoid — let correction complete. 3M: -24.4% | Phase sustained 2+ consecutive runs.,2026-03-28
IT - Software,CORRECTION,📉,-6.65,UNDERPERFORMING,-15.58,-8.93,-27.25,-27.81,-13.7,-4.64,-9.27,-13.7,-4.43,80,Underperforming and still falling (-4.4%/mo delta). Avoid — let correction complete. 3M: -27.8% | Phase sustained 2+ consecutive runs.,2026-03-28
Telecom - Services,CORRECTION,📉,-6.65,UNDERPERFORMING,-15.58,-8.93,-19.01,-21.42,-13.27,-4.38,-7.14,-13.27,-6.13,23,Underperforming and still falling (-6.1%/mo delta). Avoid — let correction complete. 3M: -21.4% | Phase sustained 2+ consecutive runs.,2026-03-28
Cigarettes & Tobacco Products,CORRECTION,📉,-7.23,UNDERPERFORMING,-16.16,-8.93,-40.35,-14.47,-7.17,0.68,-4.82,-7.17,-2.35,3,Underperforming and still falling (-2.4%/mo delta). Avoid — let correction complete. 3M: -14.5% | Phase sustained 2+ consecutive runs.,2026-03-28
Entertainment,CORRECTION,📉,-10.36,UNDERPERFORMING,-19.29,-8.93,-24.98,-24.5,-13.68,-4.56,-8.17,-13.68,-5.51,51,Underperforming and still falling (-5.5%/mo delta). Avoid — let correction complete. 3M: -24.5% | Phase sustained 2+ consecutive runs.,2026-03-28
