ISIN,NSE_SYMBOL,NAME,TIER,SIGNALS_FIRED,COMPOSITE_BALANCED,SECTOR_PHASE,MARKET_STATE
INE463V01026,ANANDRATHI,ANAND RATHI WEA.,STRONG,16.0,66,MID_CYCLE,BEAR
INE506W01012,KRISHANA,KRISHANA PHOSCH.,STRONG,15.0,66,MID_CYCLE,BEAR
INE377N01017,WAAREEENER,WAAREE ENERGIES,STRONG,15.0,64,MID_CYCLE,BEAR
INE572A01036,JBCHEPHARM,J B CHEMICALS &,STRONG,13.0,60,MID_CYCLE,BEAR
INE118H01025,BSE,BSE,STRONG,14.0,59,MID_CYCLE,BEAR
INE14UN01029,VIDYAWIRES,VIDYA WIRES,STRONG,13.0,59,MID_CYCLE,BEAR
INE297H01019,GALLANTT,GALLANTT ISPAT L,STRONG,13.0,59,MID_CYCLE,BEAR
INE039O01029,JASH,JASH ENGINEERING,STRONG,12.0,59,MID_CYCLE,BEAR
INE117A01022,ABB,A B B,STRONG,14.0,58,MID_CYCLE,BEAR
INE024001021,AEROFLEX,AEROFLEX,STRONG,14.0,58,MID_CYCLE,BEAR
INE839M01018,SCHNEIDER,SCHNEIDER ELECT.,STRONG,14.0,58,MID_CYCLE,BEAR
INE309M01020,PREMIERPOL,PREMIER POLYFILM,STRONG,12.0,58,MID_CYCLE,BEAR
INE281B01032,LLOYDSME,LLOYDS METALS,STRONG,14.0,58,MID_CYCLE,BEAR
INE475E01026,CAPLIPOINT,CAPLIN POINT LAB,STRONG,13.0,58,MID_CYCLE,BEAR
INE00M901018,INTERARCH,INTERARCH BUILD.,STRONG,13.0,58,MID_CYCLE,BEAR
INE903D01011,MONARCH,MONARCH NETWORTH,STRONG,12.0,57,MID_CYCLE,BEAR
INE616N01034,INOXINDIA,INOX INDIA,STRONG,13.0,56,MID_CYCLE,BEAR
INE298J01013,NAM-INDIA,NIPPON LIFE IND.,STRONG,13.0,56,MID_CYCLE,BEAR
INE987B01026,NATCOPHARM,NATCO PHARMA,STRONG,13.0,56,MID_CYCLE,BEAR
INE263A01024,BEL,BHARAT ELECTRON,STRONG,13.0,56,MID_CYCLE,BEAR
INE0SII01026,QPOWER,QUALITY POWER EL,STRONG,14.0,56,MID_CYCLE,BEAR
INE0BS701011,PREMIERENE,PREMIER ENERGIES,STRONG,13.0,55,MID_CYCLE,BEAR
INE0R6Z01013,SRM,SRM CONTRACTORS,STRONG,11.0,55,MID_CYCLE,BEAR
INE908D01010,SHAKTIPUMP,SHAKTI PUMPS,STRONG,11.0,55,MID_CYCLE,BEAR
INE685A01028,TORNTPHARM,TORRENT PHARMA.,STRONG,13.0,55,MID_CYCLE,BEAR
INE0Z4F01028,ATLANTAELE,ATLANTA ELECTRIC,STRONG,13.0,55,MID_CYCLE,BEAR
INE019C01026,HSCL,HIMADRI SPECIAL,STRONG,13.0,55,MID_CYCLE,BEAR
INE900L01010,MBAPL,M B AGRO PROD.,STRONG,14.0,54,MID_CYCLE,BEAR
INE455K01017,POLYCAB,POLYCAB INDIA,STRONG,12.0,54,MID_CYCLE,BEAR
INE343H01029,SOLARINDS,SOLAR INDUSTRIES,STRONG,12.0,54,MID_CYCLE,BEAR
INE335A01020,SURYAROSNI,SURYA ROSHNI,STRONG,11.0,54,MID_CYCLE,BEAR
INE510A01028,ENGINERSIN,ENGINEERS INDIA,STRONG,12.0,54,MID_CYCLE,BEAR
INE303R01014,KALYANKJIL,KALYAN JEWELLERS,STRONG,14.0,54,BASING,BEAR
INE065X01017,INDGN,INDEGENE,STRONG,13.0,54,MID_CYCLE,BEAR
INE330T01021,HAPPYFORGE,HAPPY FORGINGS,STRONG,13.0,53,MID_CYCLE,BEAR
INE298A01020,CUMMINSIND,CUMMINS INDIA,WATCHLIST_CONFIRMED,12.0,53,MID_CYCLE,BEAR
INE139A01034,NATIONALUM,NATL. ALUMINIUM,STRONG,12.0,53,MID_CYCLE,BEAR
INE419M01027,TDPOWERSYS,TD POWER SYSTEMS,WATCHLIST_CONFIRMED,12.0,53,MID_CYCLE,BEAR
INE372C01037,PRECWIRE,PREC. WIRES (I),STRONG,14.0,53,MID_CYCLE,BEAR
INE750C01026,MARKSANS,MARKSANS PHARMA,STRONG,13.0,53,MID_CYCLE,BEAR
INE12UR01024,UTLSOLAR,FUJIYAMA POWER,STRONG,12.0,53,MID_CYCLE,BEAR
INE299N01021,WAAREERTL,WAAREE RENEWAB.,STRONG,12.0,53,MID_CYCLE,BEAR
INE191B01025,WELCORP,WELSPUN CORP,STRONG,12.0,53,MID_CYCLE,BEAR
INE932X01026,SHAREINDIA,SHARE INDIA SEC.,STRONG,13.0,53,MID_CYCLE,BEAR
INE040H01021,SUZLON,SUZLON ENERGY,STRONG,12.0,53,MID_CYCLE,BEAR
INE508G01029,TIMETECHNO,TIME TECHNOPLAST,STRONG,11.0,53,MID_CYCLE,BEAR
INE184O01015,DIFFNKG,DIFFUSION ENG,STRONG,12.0,53,MID_CYCLE,BEAR
INE686A01026,CEMPRO,CEMINDIA PROJECT,STRONG,12.0,53,MID_CYCLE,BEAR
INE0AG901020,CEIGALL,CEIGALL INDIA,STRONG,12.0,53,MID_CYCLE,BEAR
INE819V01029,CPPLUS,ADITYA INFOTECH,STRONG,12.0,53,MID_CYCLE,BEAR
INE1AG301022,GKENERGY,GK ENERGY,STRONG,10.0,53,MID_CYCLE,BEAR
INE0OV601013,EMSLIMITED,EMS,STRONG,11.0,53,MID_CYCLE,BEAR
INE372A01015,APARINDS,APAR INDS.,STRONG,12.0,52,MID_CYCLE,BEAR
INE08N601015,MBEL,M & B ENGINEER.,STRONG,10.0,52,MID_CYCLE,BEAR
INE02H701025,NOVAAGRI,NOVA AGRITECH,STRONG,10.0,52,MID_CYCLE,BEAR
INE855C01023,WEBELSOLAR,WEBSOL ENERGY,STRONG,11.0,52,MID_CYCLE,BEAR
INE284H01025,DAMCAPITAL,DAM CAPITAL ADVI,WATCHLIST_CONFIRMED,10.0,52,MID_CYCLE,BEAR
INE0HR601026,DDEVPLSTIK,DDEV PLASTIKS,STRONG,11.0,52,MID_CYCLE,BEAR
INE522F01014,COALINDIA,COAL INDIA,STRONG,12.0,52,MID_CYCLE,BEAR
INE0P8B01020,GAUDIUMIVF,GAUDIUM IVF,WATCHLIST_CONFIRMED,11.0,52,MID_CYCLE,BEAR
INE0R4701017,ALPEXSOLAR,ALPEX SOLAR,STRONG,11.0,52,MID_CYCLE,BEAR
INE211R01019,POWERMECH,POWER MECH PROJ.,WATCHLIST_CONFIRMED,11.0,51,MID_CYCLE,BEAR
INE13B501022,SAATVIKGL,SAATVIK GREEN,WATCHLIST_CONFIRMED,11.0,51,MID_CYCLE,BEAR
INE630Y01024,MEDICO,MEDICO REMEDIES,WATCHLIST_CONFIRMED,11.0,51,MID_CYCLE,BEAR
INE249Z01020,MAZDOCK,MAZAGON DOCK,WATCHLIST_CONFIRMED,11.0,51,MID_CYCLE,BEAR
INE413G01022,TPLPLASTEH,TPL PLASTECH,WATCHLIST_CONFIRMED,11.0,51,MID_CYCLE,BEAR
INE102B01014,CHOICEIN,CHOICE INTL.,WATCHLIST_CONFIRMED,11.0,51,MID_CYCLE,BEAR
INE06XZ01023,GEMAROMA,GEM AROMATICS,WATCHLIST_CONFIRMED,9.0,51,MID_CYCLE,BEAR
INE017A01032,GESHIP,GE SHIPPING CO,WATCHLIST_CONFIRMED,13.0,51,MID_CYCLE,BEAR
INE206F01022,AIIL,AUTHUM INVEST,WATCHLIST_CONFIRMED,11.0,51,MID_CYCLE,BEAR
INE138Y01010,KFINTECH,KFIN TECHNOLOG.,WATCHLIST_CONFIRMED,11.0,51,MID_CYCLE,BEAR
INE0J5801029,JSLL,JEENA SIKHO,WATCHLIST_CONFIRMED,11.0,51,MID_CYCLE,BEAR
INE382Z01011,GRSE,GARDEN REACH SH.,WATCHLIST_CONFIRMED,11.0,51,MID_CYCLE,BEAR
INE835D01023,HIRECT,HIND RECTIFIERS,WATCHLIST_CONFIRMED,11.0,51,MID_CYCLE,BEAR
INE01IU01018,SKYGOLD,SKY GOLD & DIAM.,WATCHLIST_CONFIRMED,13.0,50,BASING,BEAR
INE0TY101024,SOLARWORLD,SOLARWORLD ENE.,WATCHLIST_CONFIRMED,10.0,50,MID_CYCLE,BEAR
INE0M4D01010,SETL,STANDARD ENGINEERING TECHNOLOGY,WATCHLIST_CONFIRMED,12.0,50,MID_CYCLE,BEAR
INE0DYJ01015,SYRMA,SYRMA SGS TECH.,WATCHLIST_CONFIRMED,13.0,50,MID_CYCLE,BEAR
INE386C01029,ASTRAMICRO,ASTRA MICROWAVE,WATCHLIST_CONFIRMED,11.0,50,MID_CYCLE,BEAR
INE987S01020,KSHINTL,KSH INTERNATIONA,WATCHLIST_CONFIRMED,11.0,50,MID_CYCLE,BEAR
INE390G01014,GPTINFRA,GPT INFRAPROJECT,WATCHLIST_CONFIRMED,10.0,50,MID_CYCLE,BEAR
INE872H01027,LUMAXTECH,LUMAX AUTO TECH.,WATCHLIST_CONFIRMED,13.0,49,BASING,BEAR
INE777K01022,RRKABEL,R R KABEL,WATCHLIST_CONFIRMED,12.0,49,MID_CYCLE,BEAR
INE0PKD01011,MEIL,MANGAL ELECTRICA,WATCHLIST_CONFIRMED,9.0,49,MID_CYCLE,BEAR
INE271B01025,MAHSEAMLES,MAH. SEAMLESS,WATCHLIST_CONFIRMED,12.0,49,MID_CYCLE,BEAR
INE002S01010,MGL,MAHANAGAR GAS,WATCHLIST_CONFIRMED,11.0,49,MID_CYCLE,BEAR
INE04VU01023,STYL,SESHAASAI TECH.,WATCHLIST_CONFIRMED,10.0,49,MID_CYCLE,BEAR
INE763I01026,TARIL,T R I L,WATCHLIST_CONFIRMED,11.0,49,MID_CYCLE,BEAR
INE415A01038,AGI,AGI GREENPAC,WATCHLIST_CONFIRMED,10.0,49,MID_CYCLE,BEAR
INE0ALI01010,ADVAIT,ADVAIT ENERGY,WATCHLIST_CONFIRMED,11.0,49,MID_CYCLE,BEAR
INE542W01025,KPIGREEN,KPI GREEN ENERGY,WATCHLIST_CONFIRMED,12.0,49,MID_CYCLE,BEAR
INE127T01021,KPEL,K.P. ENERGY,WATCHLIST_CONFIRMED,10.0,49,MID_CYCLE,BEAR
INE291A01017,GRWRHITECH,GARWARE HI TECH,WATCHLIST_CONFIRMED,11.0,49,MID_CYCLE,BEAR
INE450D01021,PITTIENG,PITTI ENGG.,WATCHLIST_CONFIRMED,11.0,48,MID_CYCLE,BEAR
INE0LXT01019,REDTAPE,REDTAPE,WATCHLIST_CONFIRMED,12.0,48,BASING,BEAR
INE386A01023,VESUVIUS,VESUVIUS INDIA,WATCHLIST_CONFIRMED,11.0,48,MID_CYCLE,BEAR
INE044A01036,SUNPHARMA,SUN PHARMA.INDS.,WATCHLIST_CONFIRMED,11.0,48,MID_CYCLE,BEAR
INE103V01028,TRAVELFOOD,TRAVEL FOOD,WATCHLIST_CONFIRMED,12.0,48,BASING,BEAR
INE312C01025,SYNCOMF,SYNCOM FORMUL.,WATCHLIST_CONFIRMED,10.0,48,MID_CYCLE,BEAR
INE011K01018,TEGA,TEGA INDS.,WATCHLIST_CONFIRMED,11.0,48,MID_CYCLE,BEAR
INE0LLY01014,EIEL,ENVIRO INFRA,WATCHLIST_CONFIRMED,9.0,48,MID_CYCLE,BEAR
INE738I01010,ECLERX,ECLERX SERVICES,WATCHLIST_CONFIRMED,13.0,48,BASING,BEAR
INE600Y01019,DYCL,DYNAMIC CABLES,WATCHLIST_CONFIRMED,10.0,48,MID_CYCLE,BEAR
INE736A01011,CDSL,C D S L,WATCHLIST_CONFIRMED,10.0,48,MID_CYCLE,BEAR
INE338H01029,CONCORDBIO,CONCORD BIOTECH,WATCHLIST_CONFIRMED,10.0,48,MID_CYCLE,BEAR
INE291W01037,GLOBAL,GLOBAL EDUCATION,WATCHLIST_CONFIRMED,11.0,48,BASING,BEAR
INE255A01020,EPL,EPL LTD,WATCHLIST_CONFIRMED,11.0,48,MID_CYCLE,BEAR
INE294Z01018,ANUP,THE ANUP ENGINEE,WATCHLIST_CONFIRMED,9.0,48,MID_CYCLE,BEAR
INE212H01026,AIAENG,AIA ENGINEERING,WATCHLIST_CONFIRMED,11.0,48,MID_CYCLE,BEAR
INE596I01020,CAMS,CAMS SERVICES,WATCHLIST_CONFIRMED,10.0,48,MID_CYCLE,BEAR
INE02IJ01035,AZAD,AZAD ENGINEERING,WATCHLIST_CONFIRMED,12.0,48,MID_CYCLE,BEAR
INE555B01013,AXISCADES,AXISCADES TECH.,WATCHLIST_CONFIRMED,12.0,48,MID_CYCLE,BEAR
INE011E01029,BALUFORGE,BALU FORGE,WATCHLIST_CONFIRMED,10.0,48,MID_CYCLE,BEAR
INE811A01020,KIRLPNU,KIRL.PNEUMATIC,WATCHLIST_CONFIRMED,10.0,48,MID_CYCLE,BEAR
INE732A01036,KIRLOSBROS,KIRL. BROTHERS,WATCHLIST_CONFIRMED,10.0,48,MID_CYCLE,BEAR
INE0D6I01023,KSOLVES,KSOLVES INDIA,WATCHLIST_CONFIRMED,12.0,48,BASING,BEAR
INE127D01025,HDFCAMC,HDFC AMC,WATCHLIST_CONFIRMED,10.0,48,MID_CYCLE,BEAR
INE267A01025,HINDZINC,HINDUSTAN ZINC,WATCHLIST_CONFIRMED,11.0,48,MID_CYCLE,BEAR
INE324A01032,JINDALSAW,JINDAL SAW,WATCHLIST_CONFIRMED,11.0,48,MID_CYCLE,BEAR
INE00FF01025,ACUTAAS,ACUTAAS CHEMICAL,WATCHLIST_CONFIRMED,12.0,47,MID_CYCLE,BEAR
INE324L01013,RPPINFRA,RPP INFRA PROJ.,WATCHLIST_CONFIRMED,11.0,47,MID_CYCLE,BEAR
INE868B01028,NCC,NCC,WATCHLIST_CONFIRMED,9.0,47,MID_CYCLE,BEAR
INE0TO701015,MAMATA,MAMATA MACHINERY,WATCHLIST_CONFIRMED,9.0,47,MID_CYCLE,BEAR
INE149O01018,NIBE,NIBE,WATCHLIST_CONFIRMED,10.0,47,MID_CYCLE,BEAR
INE411D01023,SKMEGGPROD,SKM EGG PROD.,WATCHLIST_CONFIRMED,12.0,47,BASING,BEAR
INE0F3301020,SJLOGISTIC,S J LOGISTICS (I,WATCHLIST_CONFIRMED,9.0,47,MID_CYCLE,BEAR
INE880Y01017,SOLEX,SOLEX ENERGY,WATCHLIST_CONFIRMED,9.0,47,MID_CYCLE,BEAR
INE0QHG01026,SUPREMEPWR,SUPREME POWER,WATCHLIST_CONFIRMED,9.0,47,MID_CYCLE,BEAR
INE0RB801010,SENORES,SENORES PHARMA.,WATCHLIST_CONFIRMED,12.0,47,MID_CYCLE,BEAR
INE782X01033,SERVOTECH,SERVOTECH RENEW,WATCHLIST_CONFIRMED,9.0,47,MID_CYCLE,BEAR
INE152A01029,THERMAX,THERMAX,WATCHLIST_CONFIRMED,12.0,47,MID_CYCLE,BEAR
INE205B01031,ELECON,ELECON ENGG.CO,WATCHLIST_CONFIRMED,10.0,47,MID_CYCLE,BEAR
INE06HJ01020,ECOSMOBLTY,ECOS (INDIA),WATCHLIST_CONFIRMED,9.0,47,MID_CYCLE,BEAR
INE0R7401011,CGRAPHICS,CREATIVE GRAPHIC,WATCHLIST_CONFIRMED,9.0,47,MID_CYCLE,BEAR
INE669X01032,GEEKAYWIRE,GEEKAY WIRES,WATCHLIST_CONFIRMED,9.0,47,MID_CYCLE,BEAR
INE0JVO01026,GARUDA,GARUDA CONS,WATCHLIST_CONFIRMED,9.0,47,MID_CYCLE,BEAR
INE045J01034,FCL,FINEOTEX CHEM,WATCHLIST_CONFIRMED,10.0,47,MID_CYCLE,BEAR
INE598D01035,ALGOQUANT,ALGOQUANT FIN,WATCHLIST_CONFIRMED,9.0,47,MID_CYCLE,BEAR
INE0LRU01027,AARTIPHARM,AARTI PHARMA,WATCHLIST_CONFIRMED,11.0,47,MID_CYCLE,BEAR
INE1B0W01010,ADVANCE,ADVANCE AGROLIFE,WATCHLIST_CONFIRMED,9.0,47,MID_CYCLE,BEAR
INE814H01029,ADANIPOWER,ADANI POWER,WATCHLIST_CONFIRMED,10.0,47,MID_CYCLE,BEAR
INE00YB01025,ABINFRA,A B INFRABUILD,WATCHLIST_CONFIRMED,9.0,47,MID_CYCLE,BEAR
INE878B01027,KEI,KEI INDUSTRIES,WATCHLIST_CONFIRMED,11.0,47,MID_CYCLE,BEAR
INE821I01022,IRB,IRB INFRA.DEVL.,WATCHLIST_CONFIRMED,11.0,47,MID_CYCLE,BEAR
INE0MB501011,JGCHEM,J.G.CHEMICALS,WATCHLIST_CONFIRMED,9.0,47,MID_CYCLE,BEAR
INE489L01022,IIFLCAPS,IIFL CAPITAL,WATCHLIST_CONFIRMED,10.0,47,MID_CYCLE,BEAR
INE326A01037,LUPIN,LUPIN,WATCHLIST_CONFIRMED,11.0,46,MID_CYCLE,BEAR
INE101D01020,GRANULES,GRANULES INDIA,WATCHLIST_CONFIRMED,13.0,46,MID_CYCLE,BEAR
INE457F01013,SALZERELEC,SALZER ELECTRON.,WATCHLIST_CONFIRMED,9.0,46,MID_CYCLE,BEAR
INE725A01030,NAVA,NAVA,WATCHLIST_CONFIRMED,11.0,46,MID_CYCLE,BEAR
INE410P01011,NH,NARAYANA HRUDAYA,WATCHLIST_CONFIRMED,11.0,46,MID_CYCLE,BEAR
INE0OUT01019,ORIANA,ORIANA POWER LTD,WATCHLIST_CONFIRMED,9.0,46,MID_CYCLE,BEAR
INE074B01023,PARACABLES,PARAMOUNT COMM.,WATCHLIST_CONFIRMED,10.0,46,MID_CYCLE,BEAR
INE0FFK01017,NPST,NETWORK PEOPLE,WATCHLIST_CONFIRMED,11.0,46,BASING,BEAR
INE0JA001018,VENUSPIPES,VENUS PIPES,WATCHLIST_CONFIRMED,10.0,46,MID_CYCLE,BEAR
INE439E01022,SKIPPER,SKIPPER,WATCHLIST_CONFIRMED,10.0,46,MID_CYCLE,BEAR
INE284S01014,SJS,SJS ENTERPRISES,WATCHLIST_CONFIRMED,13.0,46,BASING,BEAR
INE133E01013,TI,TILAKNAGAR INDS.,WATCHLIST_CONFIRMED,11.0,46,BASING,BEAR
INE869Y01010,TEMBO,TEMBO GLOBAL,WATCHLIST_CONFIRMED,8.0,46,MID_CYCLE,BEAR
INE085J01014,THANGAMAYL,THANGAMAYIL JEW.,WATCHLIST_CONFIRMED,13.0,46,BASING,BEAR
INE214A01019,CYBERTECH,CYBERTECH SYS.,WATCHLIST_CONFIRMED,11.0,46,BASING,BEAR
INE483S01020,CCAVENUE,AVENUESAI,WATCHLIST_CONFIRMED,11.0,46,MID_CYCLE,BEAR
INE127I01024,GOODLUCK,GOODLUCK INDIA,WATCHLIST_CONFIRMED,10.0,46,MID_CYCLE,BEAR
INE702C01027,APLAPOLLO,APL APOLLO TUBES,WATCHLIST_CONFIRMED,11.0,46,MID_CYCLE,BEAR
INE316L01019,BHARATWIRE,BHARAT WIRE,WATCHLIST_CONFIRMED,10.0,46,MID_CYCLE,BEAR
INE005B01027,AVANTEL,AVANTEL,WATCHLIST_CONFIRMED,9.0,46,MID_CYCLE,BEAR
INE209L01016,JWL,JUPITER WAGONS,WATCHLIST_CONFIRMED,10.0,46,MID_CYCLE,BEAR
INE0LGX01024,INA,INSOLATION ENER,WATCHLIST_CONFIRMED,10.0,46,MID_CYCLE,BEAR
INE570L01029,SAILIFE,SAI LIFE,WATCHLIST_CONFIRMED,11.0,45,MID_CYCLE,BEAR
INE0Q3J01015,KRN,KRN HEAT EXCHAN,WATCHLIST_CONFIRMED,11.0,45,MID_CYCLE,BEAR
INE0IX101010,DATAPATTNS,DATA PATTERN,WATCHLIST_CONFIRMED,10.0,45,MID_CYCLE,BEAR
INE318A01026,PIDILITIND,PIDILITE INDS.,WATCHLIST_CONFIRMED,9.0,45,MID_CYCLE,BEAR
INE953R01016,PNGJL,P N GADGIL JEWE.,WATCHLIST_CONFIRMED,12.0,45,BASING,BEAR
INE535D01037,ROTO,ROTO PUMPS,WATCHLIST_CONFIRMED,10.0,45,MID_CYCLE,BEAR
INE056I01025,REFEX,REFEX INDUSTRIES,WATCHLIST_CONFIRMED,10.0,45,MID_CYCLE,BEAR
INE0BV301023,MAPMYINDIA,C.E. INFO SYSTEM,WATCHLIST_CONFIRMED,10.0,45,BASING,BEAR
INE00VM01036,MANORAMA,MANORAMA INDUST.,WATCHLIST_CONFIRMED,11.0,45,BASING,BEAR
INE745G01043,MCX,MULTI COMM. EXC.,WATCHLIST_CONFIRMED,9.0,45,MID_CYCLE,BEAR
INE621L01012,TEXRAIL,TEXMACO RAIL,WATCHLIST_CONFIRMED,9.0,45,MID_CYCLE,BEAR
INE0A1101019,DCI,DC INFOTECH,WATCHLIST_CONFIRMED,10.0,45,BASING,BEAR
INE285A01027,ELGIEQUIP,ELGI EQUIPMENTS,WATCHLIST_CONFIRMED,9.0,45,MID_CYCLE,BEAR
INE159A01016,GLAXO,GLAXOSMI. PHARMA,WATCHLIST_CONFIRMED,10.0,45,MID_CYCLE,BEAR
INE0MLS01022,EPACKPEB,EPACK PREFABTECH,WATCHLIST_CONFIRMED,9.0,45,MID_CYCLE,BEAR
INE0KBH01020,BLUEJET,BLUE JET HEALTH,WATCHLIST_CONFIRMED,9.0,45,MID_CYCLE,BEAR
INE348A01023,ASHAPURMIN,ASHAPURA MINECH.,WATCHLIST_CONFIRMED,10.0,45,MID_CYCLE,BEAR
INE060901027,LIKHITHA,LIKHITHA INFRA.,WATCHLIST_CONFIRMED,10.0,45,MID_CYCLE,BEAR
INE202H01019,KERNEX,KERNEX MICROSYS.,WATCHLIST_CONFIRMED,10.0,45,MID_CYCLE,BEAR
INE999A01023,KSB,KSB,WATCHLIST_CONFIRMED,11.0,45,MID_CYCLE,BEAR
INE720A01015,KOTHARIPET,KOTHARI PETROCHE,WATCHLIST_CONFIRMED,9.0,45,MID_CYCLE,BEAR
INE292B01021,HBLENGINE,HBL ENGINEERING,WATCHLIST_CONFIRMED,9.0,45,MID_CYCLE,BEAR
INE575C01027,INTLCONV,INTL. CONVEYORS,WATCHLIST_CONFIRMED,9.0,45,MID_CYCLE,BEAR
INE048B01035,JAGSNPHARM,JAGSONPAL PHARMA,WATCHLIST_CONFIRMED,9.0,45,MID_CYCLE,BEAR
INE0RRU01016,IEML,INDIAN EMULS,WATCHLIST_CONFIRMED,9.0,45,MID_CYCLE,BEAR
INE325A01013,TIMKEN,TIMKEN INDIA,WATCHLIST_CONFIRMED,11.0,44,MID_CYCLE,BEAR
INE131A01031,GMDCLTD,G M D C,WATCHLIST_CONFIRMED,11.0,44,MID_CYCLE,BEAR
INE404A01024,ABSLAMC,ADITYA AMC,WATCHLIST_CONFIRMED,10.0,44,MID_CYCLE,BEAR
INE283H01019,ROHLTD,ROYAL ORCH.HOTEL,WATCHLIST_CONFIRMED,11.0,44,BASING,BEAR
INE05CZ01011,RATNAVEER,RATNAVEER PRECIS,WATCHLIST_CONFIRMED,10.0,44,MID_CYCLE,BEAR
INE095N01031,NBCC,NBCC,WATCHLIST_CONFIRMED,9.0,44,MID_CYCLE,BEAR
INE0N7S01028,MOS,MOS UTILITY,WATCHLIST_CONFIRMED,9.0,44,MID_CYCLE,BEAR
INE949H01023,MANINFRA,MAN INFRA,WATCHLIST_CONFIRMED,9.0,44,MID_CYCLE,BEAR
INE040D01038,MAYURUNIQ,MAYUR UNIQUOTERS,WATCHLIST_CONFIRMED,11.0,44,BASING,BEAR
INE018A01030,LT,LARSEN & TOUBRO,WATCHLIST_CONFIRMED,11.0,44,MID_CYCLE,BEAR
INE0JO301016,YATHARTH,YATHARTH HOSPIT.,WATCHLIST_CONFIRMED,11.0,44,MID_CYCLE,BEAR
INE124E01038,STEELCAS,STEELCAST,WATCHLIST_CONFIRMED,9.0,44,MID_CYCLE,BEAR
INE688A01022,TCI,TRANSPORT CORP.,WATCHLIST_CONFIRMED,9.0,44,MID_CYCLE,BEAR
INE144D01012,CUBEXTUB,CUBEX TUBINGS,WATCHLIST_CONFIRMED,9.0,44,MID_CYCLE,BEAR
INE037Z01029,CEWATER,CONCORD ENVIRO,WATCHLIST_CONFIRMED,9.0,44,MID_CYCLE,BEAR
INE007A01025,CRISIL,CRISIL,WATCHLIST_CONFIRMED,10.0,44,MID_CYCLE,BEAR
INE168P01015,EMCURE,EMCURE PHARMA,WATCHLIST_CONFIRMED,10.0,44,MID_CYCLE,BEAR
INE079J01017,GATEWAY,GATEWAY DISTRI,WATCHLIST_CONFIRMED,10.0,44,MID_CYCLE,BEAR
INE540L01014,ALKEM,ALKEM LAB,WATCHLIST_CONFIRMED,10.0,44,MID_CYCLE,BEAR
INE006I01046,ASTRAL,ASTRAL,WATCHLIST_CONFIRMED,10.0,44,MID_CYCLE,BEAR
INE549H01021,ARSSBL,ANAND RATHI SHAR,WATCHLIST_CONFIRMED,9.0,44,MID_CYCLE,BEAR
INE010B01027,ZYDUSLIFE,ZYDUS LIFESCI.,WATCHLIST_CONFIRMED,10.0,44,MID_CYCLE,BEAR
INE576I01022,JKIL,J KUMAR INFRA,WATCHLIST_CONFIRMED,9.0,44,MID_CYCLE,BEAR
INE416D01022,BLISSGVS,BLISS GVS PHARMA,WATCHLIST_CONFIRMED,10.0,43,MID_CYCLE,BEAR
INE959A01019,PRIVISCL,PRIVI SPECI.,WATCHLIST_CONFIRMED,9.0,43,MID_CYCLE,BEAR
INE526E01018,SHRIPISTON,SHRIRAM PISTONS,WATCHLIST_CONFIRMED,11.0,43,BASING,BEAR
INE583V01021,RADHIKAJWE,RADHIKA JEWELTEC,WATCHLIST_CONFIRMED,10.0,43,BASING,BEAR
INE961O01016,RAINBOW,RAINBOW CHILD.,WATCHLIST_CONFIRMED,9.0,43,MID_CYCLE,BEAR
INE262H01021,PERSISTENT,PERSISTENT SYSTEMS,WATCHLIST_CONFIRMED,11.0,43,BASING,BEAR
INE557Z01018,PIGL,POWER & INSTRUM.,WATCHLIST_CONFIRMED,8.0,43,MID_CYCLE,BEAR
INE375Y01018,RELIABLE,RELIABLE DATA,WATCHLIST_CONFIRMED,8.0,43,MID_CYCLE,BEAR
INE677D01037,MASTERTR,MASTER TRUST,WATCHLIST_CONFIRMED,8.0,43,MID_CYCLE,BEAR
INE093R01011,LLOYDSENGG,LLOYDS ENGINEERI,WATCHLIST_CONFIRMED,9.0,43,MID_CYCLE,BEAR
INE0U3I01011,UNIMECH,UNIMECH AERO.,WATCHLIST_CONFIRMED,10.0,43,MID_CYCLE,BEAR
INE270I01022,VISHNU,VISHNU CHEMICALS,WATCHLIST_CONFIRMED,10.0,43,MID_CYCLE,BEAR
INE579C01029,VIMTALABS,VIMTA LABS,WATCHLIST_CONFIRMED,9.0,43,MID_CYCLE,BEAR
INE625X01026,SILVERTUC,SILVER TOUCH,WATCHLIST_CONFIRMED,10.0,43,BASING,BEAR
INE287B01021,SUBROS,SUBROS,WATCHLIST_CONFIRMED,9.0,43,MID_CYCLE,BEAR
INE239C01020,STYLAMIND,STYLAM INDUSTRIE,WATCHLIST_CONFIRMED,11.0,43,BASING,BEAR
INE00U401027,UNIECOM,UNICOMMERCE,WATCHLIST_CONFIRMED,10.0,43,BASING,BEAR
INE732I01021,ANGELONE,ANGEL ONE,WATCHLIST_CONFIRMED,9.0,43,MID_CYCLE,BEAR
INE02L001032,BOROSCI,BOROSIL SCIENTI.,WATCHLIST_CONFIRMED,9.0,43,MID_CYCLE,BEAR
INE0J5601015,KRISHNADEF,KRISHNA DEFENCE,WATCHLIST_CONFIRMED,8.0,43,MID_CYCLE,BEAR
INE158A01026,HEROMOTOCO,HERO MOTOCORP,WATCHLIST_CONFIRMED,10.0,43,BASING,BEAR
INE115Q01022,IKS,INVENTURUS KNOWL,WATCHLIST_CONFIRMED,11.0,43,BASING,BEAR
INE813H01021,TORNTPOWER,TORRENT POWER,WATCHLIST_CONFIRMED,10.0,42,MID_CYCLE,BEAR
INE07Y701011,POWERINDIA,HITACHI ENERGY,WATCHLIST_CONFIRMED,10.0,42,MID_CYCLE,BEAR
INE457A01014,MAHABANK,BANK OF MAHA,WATCHLIST_CONFIRMED,12.0,42,MID_CYCLE,BEAR
INE050001010,PPL,PRAKASH PIPES,WATCHLIST_CONFIRMED,8.0,42,MID_CYCLE,BEAR
INE205C01021,POLYMED,POLY MEDICURE,WATCHLIST_CONFIRMED,10.0,42,MID_CYCLE,BEAR
INE637C01025,POKARNA,POKARNA,WATCHLIST_CONFIRMED,10.0,42,BASING,BEAR
INE207E01023,RAMRAT,RAM RATNA WIRES,WATCHLIST_CONFIRMED,10.0,42,MID_CYCLE,BEAR
INE535F01024,RAJOOENG,RAJOO ENGINEERS,WATCHLIST_CONFIRMED,8.0,42,MID_CYCLE,BEAR
INE01EG01016,RITCO,RITCO LOGISTICS,WATCHLIST_CONFIRMED,8.0,42,MID_CYCLE,BEAR
INE428V01029,NEPHROPLUS,NEPHROCARE HEALTH SERVICES,WATCHLIST_CONFIRMED,10.0,42,MID_CYCLE,BEAR
INE584A01023,NMDC,NMDC,WATCHLIST_CONFIRMED,10.0,42,MID_CYCLE,BEAR
INE956G01038,WABAG,VA TECH WABAG,WATCHLIST_CONFIRMED,10.0,42,MID_CYCLE,BEAR
INE02WG01024,WEL,WONDER ELECTRIC.,WATCHLIST_CONFIRMED,9.0,42,BASING,BEAR
INE985A01022,SINCLAIR,SINCLAIRS HOTELS,WATCHLIST_CONFIRMED,11.0,42,BASING,BEAR
INE386D01027,SBCL,SHIVALIK BIMETAL,WATCHLIST_CONFIRMED,9.0,42,MID_CYCLE,BEAR
INE0D0K01022,SIGACHI,SIGACHI INDUST.,WATCHLIST_CONFIRMED,9.0,42,MID_CYCLE,BEAR
INE1B3L01017,SHRINGARMS,SHRINGAR HOUSE,WATCHLIST_CONFIRMED,9.0,42,BASING,BEAR
INE152M01016,TRITURBINE,TRIVENI TURBINE,WATCHLIST_CONFIRMED,9.0,42,MID_CYCLE,BEAR
INE454P01035,TRANSRAILL,TRANSRAIL LIGHT,WATCHLIST_CONFIRMED,9.0,42,MID_CYCLE,BEAR
INE280A01028,TITAN,TITAN COMPANY,WATCHLIST_CONFIRMED,11.0,42,BASING,BEAR
INE0JS101016,DREAMFOLKS,DREAMFOLKS SERVI,WATCHLIST_CONFIRMED,9.0,42,BASING,BEAR
INE021O01019,DODLA,DODLA DAIRY,WATCHLIST_CONFIRMED,11.0,42,BASING,BEAR
INE067A01029,CGPOWER,CG POWER & IND,WATCHLIST_CONFIRMED,9.0,42,MID_CYCLE,BEAR
INE0HS001028,COOLCAPS,COOL CAPS,WATCHLIST_CONFIRMED,8.0,42,MID_CYCLE,BEAR
INE955D01029,GENUSPOWER,GENUS POWER,WATCHLIST_CONFIRMED,8.0,42,MID_CYCLE,BEAR
INE0Y8W01017,AHCL,ANLON HEALTHCARE,WATCHLIST_CONFIRMED,9.0,42,MID_CYCLE,BEAR
INE204E01012,AGARIND,AGARWAL INDL.,WATCHLIST_CONFIRMED,8.0,42,MID_CYCLE,BEAR
INE065D01027,AEROENTER,AEROFLEX ENTER.,WATCHLIST_CONFIRMED,10.0,42,MID_CYCLE,BEAR
INE0M2X01012,ALLETEC,ALL E TECH,WATCHLIST_CONFIRMED,9.0,42,BASING,BEAR
INE742F01042,ADANIPORTS,ADANI PORTS,WATCHLIST_CONFIRMED,12.0,42,BASING,BEAR
INE032Z01020,BSHSL,BOMBAY SUPER HYB,WATCHLIST_CONFIRMED,9.0,42,BASING,BEAR
INE153T01027,BLS,BLS INTERNAT.,WATCHLIST_CONFIRMED,10.0,42,BASING,BEAR
INE491J01022,ASKAUTOLTD,ASK AUTOMOTIVE,WATCHLIST_CONFIRMED,11.0,42,BASING,BEAR
INE570D01018,ARROWGREEN,ARROW GREENTECH,WATCHLIST_CONFIRMED,9.0,42,MID_CYCLE,BEAR
INE699H01024,AWL,AWL AGRI BUSINE.,WATCHLIST_CONFIRMED,11.0,42,BASING,BEAR
INE390H01020,KAMDHENU,KAMDHENU,WATCHLIST_CONFIRMED,8.0,42,MID_CYCLE,BEAR
INE024L01027,GRAVITA,GRAVITA INDIA,WATCHLIST_CONFIRMED,10.0,42,MID_CYCLE,BEAR
INE570A01022,IONEXCHANG,ION EXCHANGE,WATCHLIST_CONFIRMED,9.0,42,MID_CYCLE,BEAR
INE0Q9301021,IGIL,INTERNATIONAL GE,WATCHLIST_CONFIRMED,11.0,42,BASING,BEAR
INE681B01017,INDRAMEDCO,INDRAPR.MEDICAL,WATCHLIST_CONFIRMED,8.0,42,MID_CYCLE,BEAR
INE200A01026,GVT&D,GE VERNOVA T&D,WATCHLIST_CONFIRMED,9.0,41,MID_CYCLE,BEAR
INE0BX301013,PROSTARM,PROSTARM INFO,WATCHLIST_CONFIRMED,8.0,41,MID_CYCLE,BEAR
INE726V01018,PRICOLLTD,PRICOL LTD,WATCHLIST_CONFIRMED,11.0,41,BASING,BEAR
INE048G01026,NAVINFLUOR,NAVIN FLUO.INTL.,WATCHLIST_CONFIRMED,11.0,41,MID_CYCLE,BEAR
INE474Q01031,MEDANTA,GLOBAL HEALTH,WATCHLIST_CONFIRMED,10.0,41,MID_CYCLE,BEAR
INE1BZC01019,OMFREIGHT,OM FREIGHT FORWA,WATCHLIST_CONFIRMED,9.0,41,MID_CYCLE,BEAR
INE01EA01019,VMM,VISHAL MEGA MART,WATCHLIST_CONFIRMED,12.0,41,BASING,BEAR
INE597I01028,SHARDAMOTR,SHARDA MOTOR,WATCHLIST_CONFIRMED,10.0,41,BASING,BEAR
INE202Z01029,TSFINV,TSF INVESTMENTS,WATCHLIST_CONFIRMED,10.0,41,MID_CYCLE,BEAR
INE716B01029,TIPSMUSIC,TIPS MUSIC,WATCHLIST_CONFIRMED,10.0,41,BASING,BEAR
INE066A01021,EICHERMOT,EICHER MOTORS,WATCHLIST_CONFIRMED,10.0,41,BASING,BEAR
INE085A01013,CHAMBLFERT,CHAMBAL FERT.,WATCHLIST_CONFIRMED,8.0,41,MID_CYCLE,BEAR
INE419D01026,CLSEL,CHAMANLAL SETIA,WATCHLIST_CONFIRMED,10.0,41,BASING,BEAR
INE1C6T01020,EMMVEE,EMMVEE PHOTOVOL.,WATCHLIST_CONFIRMED,10.0,41,MID_CYCLE,BEAR
INE731H01025,ACE,ACTION CONST.EQ.,WATCHLIST_CONFIRMED,10.0,41,BASING,BEAR
INE068L01024,CANTABIL,CANTABIL RETAIL,WATCHLIST_CONFIRMED,10.0,41,BASING,BEAR
INE0QRL01017,ARKADE,ARKADE,WATCHLIST_CONFIRMED,9.0,41,BASING,BEAR
INE634I01029,KNRCON,KNR CONSTRUCT.,WATCHLIST_CONFIRMED,7.0,41,MID_CYCLE,BEAR
INE391J01032,JTLIND,JTL INDUSTRIES,WATCHLIST_CONFIRMED,8.0,41,MID_CYCLE,BEAR
INE0ATZ01017,KRONOX,KRONOX LAB,WATCHLIST_CONFIRMED,8.0,41,MID_CYCLE,BEAR
INE0WO601020,LAXMIDENTL,LAXMI DENTAL,WATCHLIST_CONFIRMED,10.0,41,MID_CYCLE,BEAR
INE066F01020,HAL,HIND.AERONAUTICS,WATCHLIST_CONFIRMED,9.0,41,MID_CYCLE,BEAR
INE353K01014,ITDC,I T D C,WATCHLIST_CONFIRMED,10.0,41,BASING,BEAR
INE0YD401026,JAINREC,JAIN RESOURCE,WATCHLIST_CONFIRMED,10.0,41,BASING,BEAR
INE933S01016,INDIAMART,INDIAMART INTER.,WATCHLIST_CONFIRMED,10.0,41,BASING,BEAR
INE346A01027,ICICIAMC,ICICI AMC,WATCHLIST_CONFIRMED,9.0,41,MID_CYCLE,BEAR
INE0J0B01017,KOTYARK,KOTYARK INDUST.,WATCHLIST_CONFIRMED,10.0,40,LATE_CYCLE,BEAR
INE841L01016,DEEDEV,DEE DEVELOPMENT,WATCHLIST_CONFIRMED,9.0,40,MID_CYCLE,BEAR
INE319Y01024,TIRUPATIFL,TIRUPATI FORGE,WATCHLIST_CONFIRMED,10.0,40,MID_CYCLE,BEAR
INE0BWX01014,AETHER,AETHER INDUSTRI.,WATCHLIST_CONFIRMED,11.0,40,MID_CYCLE,BEAR
INE144J01027,20MICRONS,20 MICRONS,WATCHLIST_CONFIRMED,8.0,40,MID_CYCLE,BEAR
INE603J01030,PIIND,P I INDUSTRIES,WATCHLIST_CONFIRMED,8.0,40,MID_CYCLE,BEAR
INE0NT901020,NETWEB,NETWEB TECHNOL.,WATCHLIST_CONFIRMED,9.0,40,BASING,BEAR
INE0FW001016,MARKOLINES,MARKOLINES PAVEM,WATCHLIST_CONFIRMED,7.0,40,MID_CYCLE,BEAR
INE818H01020,LTFOODS,L T FOODS,WATCHLIST_CONFIRMED,10.0,40,BASING,BEAR
INE228A01035,USHAMART,USHA MARTIN,WATCHLIST_CONFIRMED,9.0,40,MID_CYCLE,BEAR
INE251B01027,ZENTEC,ZEN TECHNOLOGIES,WATCHLIST_CONFIRMED,8.0,40,MID_CYCLE,BEAR
INE520A01027,ZENSARTECH,ZENSAR TECH.,WATCHLIST_CONFIRMED,10.0,40,BASING,BEAR
INE663A01033,SPLPETRO,SUPREME PETROCH.,WATCHLIST_CONFIRMED,9.0,40,MID_CYCLE,BEAR
INE151G01028,SHAILY,SHAILY ENGINEER.,WATCHLIST_CONFIRMED,8.0,40,MID_CYCLE,BEAR
INE089A01031,DRREDDY,DR REDDY'S LABS,WATCHLIST_CONFIRMED,8.0,40,MID_CYCLE,BEAR
INE321T01012,DOMS,DOMS INDUSTRIES,WATCHLIST_CONFIRMED,10.0,40,BASING,BEAR
INE250K01012,DLINKINDIA,D-LINK INDIA,WATCHLIST_CONFIRMED,9.0,40,BASING,BEAR
INE950I01011,DBCORP,D B CORP,WATCHLIST_CONFIRMED,9.0,40,BASING,BEAR
INE18JU01028,EBGNG,GNG ELECTRONICS,WATCHLIST_CONFIRMED,10.0,40,BASING,BEAR
INE086A01029,ELECTCAST,ELECTROST.CAST.,WATCHLIST_CONFIRMED,9.0,40,MID_CYCLE,BEAR
INE059A01026,CIPLA,CIPLA,WATCHLIST_CONFIRMED,8.0,40,MID_CYCLE,BEAR
INE737H01014,FIEMIND,FIEM INDUSTRIES,WATCHLIST_CONFIRMED,10.0,40,BASING,BEAR
INE437A01024,APOLLOHOSP,APOLLO HOSPITALS,WATCHLIST_CONFIRMED,11.0,40,MID_CYCLE,BEAR
INE713T01028,APOLLO,APOLLO MICRO SYS,WATCHLIST_CONFIRMED,9.0,40,MID_CYCLE,BEAR
INE03Q201024,ALIVUS,ALIVUS LIFE,WATCHLIST_CONFIRMED,9.0,40,MID_CYCLE,BEAR
INE208C01025,AEGISLOG,AEGIS LOGISTICS,WATCHLIST_CONFIRMED,9.0,40,MID_CYCLE,BEAR
INE618L01018,5PAISA,5PAISA CAPITAL,WATCHLIST_CONFIRMED,8.0,40,MID_CYCLE,BEAR
INE466L01038,360ONE,360 ONE,WATCHLIST_CONFIRMED,9.0,40,MID_CYCLE,BEAR
INE264T01014,CAPACITE,CAPACIT'E INFRA.,WATCHLIST_CONFIRMED,9.0,40,MID_CYCLE,BEAR
INE871C01038,AVANTIFEED,AVANTI FEEDS,WATCHLIST_CONFIRMED,10.0,40,BASING,BEAR
INE0R9401019,AVPINFRA,AVP INFRACON,WATCHLIST_CONFIRMED,7.0,40,MID_CYCLE,BEAR
INE050A01025,BBTC,THE BOMBAY BURMAH,WATCHLIST_CONFIRMED,10.0,40,BASING,BEAR
INE164A01016,BALMLAWRIE,BALMER LAWRIE,WATCHLIST_CONFIRMED,9.0,40,MID_CYCLE,BEAR
INE531E01026,HINDCOPPER,HINDUSTAN COPPER,WATCHLIST_CONFIRMED,9.0,40,MID_CYCLE,BEAR
INE203G01027,IGL,INDRAPRASTHA GAS,WATCHLIST_CONFIRMED,9.0,40,MID_CYCLE,BEAR
INE760F01028,INDOAMIN,INDO AMINES,WATCHLIST_CONFIRMED,8.0,40,MID_CYCLE,BEAR
INE031B01049,AJANTPHARM,AJANTA PHARMA,WATCHLIST_CONFIRMED,8.0,39,MID_CYCLE,BEAR
INE939A01011,STAR,STRIDES PHARMA,WATCHLIST_CONFIRMED,9.0,39,MID_CYCLE,BEAR
INE347G01014,PETRONET,PETRONET LNG,WATCHLIST_CONFIRMED,8.0,39,MID_CYCLE,BEAR
INE732S01012,SAKAR,SAKAR HEALTHCARE,WATCHLIST_CONFIRMED,10.0,39,MID_CYCLE,BEAR
INE0CLI01024,RATEGAIN,RATEGAIN TRAVEL,WATCHLIST_CONFIRMED,11.0,39,BASING,BEAR
INE060A01024,NAVNETEDUL,NAVNEET EDUCAT.,WATCHLIST_CONFIRMED,9.0,39,BASING,BEAR
INE338I01027,MOTILALOFS,MOTIL.OSWAL.FIN.,WATCHLIST_CONFIRMED,8.0,39,MID_CYCLE,BEAR
INE585B01010,MARUTI,MARUTI SUZUKI,WATCHLIST_CONFIRMED,10.0,39,BASING,BEAR
INE195A01028,SUPREMEIND,SUPREME INDS.,WATCHLIST_CONFIRMED,8.0,39,MID_CYCLE,BEAR
INE385F01024,SGMART,SG MART,WATCHLIST_CONFIRMED,10.0,39,BASING,BEAR
INE497B01018,SEAMECLTD,SEAMEC LTD,WATCHLIST_CONFIRMED,10.0,39,MID_CYCLE,BEAR
INE221J01015,SHARDACROP,SHARDA CROPCHEM,WATCHLIST_CONFIRMED,10.0,39,MID_CYCLE,BEAR
INE04AK01028,SBC,SBC EXPORTS,WATCHLIST_CONFIRMED,9.0,39,BASING,BEAR
INE356B01024,SYSTMTXC,SYSTEMATIX CORP.,WATCHLIST_CONFIRMED,7.0,39,MID_CYCLE,BEAR
INE673O01025,TBOTEK,TBO TEK,WATCHLIST_CONFIRMED,10.0,39,BASING,BEAR
INE966A01022,DOLATALGO,DOLAT ALGOTECH,WATCHLIST_CONFIRMED,8.0,39,MID_CYCLE,BEAR
INE0OPA01019,DBEIL,DEEPAK BUILDERS,WATCHLIST_CONFIRMED,8.0,39,MID_CYCLE,BEAR
INE675C01017,CIGNITITEC,CIGNITI TECH.,WATCHLIST_CONFIRMED,9.0,39,BASING,BEAR
INE0S4R01014,CRIZAC,CRIZAC,WATCHLIST_CONFIRMED,9.0,39,BASING,BEAR
INE539A01019,GHCL,GHCL,WATCHLIST_CONFIRMED,8.0,39,MID_CYCLE,BEAR
INE071N01016,EPIGRAL,EPIGRAL,WATCHLIST_CONFIRMED,8.0,39,MID_CYCLE,BEAR
INE0CZ201020,ANTHEM,ANTHEM BIOSCIENC,WATCHLIST_CONFIRMED,8.0,39,MID_CYCLE,BEAR
INE00WC01027,AFFLE,AFFLE 3I,WATCHLIST_CONFIRMED,12.0,39,BASING,BEAR
INE323A01026,BOSCHLTD,BOSCH,WATCHLIST_CONFIRMED,10.0,39,BASING,BEAR
INE0NLT01010,BLSE,BLS E-SERVICES,WATCHLIST_CONFIRMED,10.0,39,BASING,BEAR
INE914M01019,ASTERDM,ASTER DM HEALTH.,WATCHLIST_CONFIRMED,9.0,39,MID_CYCLE,BEAR
INE406A01037,AUROPHARMA,AUROBINDO PHARMA,WATCHLIST_CONFIRMED,10.0,39,MID_CYCLE,BEAR
INE0CJD01029,KMEW,KNOWLEDGE MARINE,WATCHLIST_CONFIRMED,9.0,39,BASING,BEAR
INE177H01039,GPIL,GODAWARI POWER,WATCHLIST_CONFIRMED,9.0,39,MID_CYCLE,BEAR
INE121J01017,INDUSTOWER,INDUS TOWERS,WATCHLIST_CONFIRMED,10.0,39,BASING,BEAR
INE858B01029,ISGEC,ISGEC HEAVY,WATCHLIST_CONFIRMED,9.0,39,MID_CYCLE,BEAR
INE056801025,IVALUE,IVALUE INFOSOLUT,WATCHLIST_CONFIRMED,9.0,39,BASING,BEAR
INE933K01021,BAJAJCON,BAJAJ CONSUMER,WATCHLIST_CONFIRMED,11.0,38,BASING,BEAR
INE915B01019,INDSWFTLAB,IND-SWIFT LABS.,WATCHLIST_CONFIRMED,8.0,38,MID_CYCLE,BEAR
INE073K01018,SONACOMS,SONA BLW PRECIS.,WATCHLIST_CONFIRMED,11.0,38,BASING,BEAR
INE863B01029,PREMEXPLN,PREM. EXPLOSIVES,WATCHLIST_CONFIRMED,8.0,38,MID_CYCLE,BEAR
INE865T01018,PDMJEPAPER,PUDUMJEE PAPER,WATCHLIST_CONFIRMED,9.0,38,BASING,BEAR
INE891D01026,REDINGTON,REDINGTON,WATCHLIST_CONFIRMED,10.0,38,BASING,BEAR
INE01JE01028,MARINE,MARINE ELECTRIC.,WATCHLIST_CONFIRMED,8.0,38,MID_CYCLE,BEAR
INE0S3G01027,PACEDIGITK,PACE DIGITEK,WATCHLIST_CONFIRMED,8.0,38,BASING,BEAR
INE043W01024,VIJAYA,VIJAYA DIAGNOST.,WATCHLIST_CONFIRMED,9.0,38,MID_CYCLE,BEAR
INE0CJF01024,WCIL,WESTERN CARRIERS,WATCHLIST_CONFIRMED,8.0,38,MID_CYCLE,BEAR
INE0RYC01010,STALLION,STALLION INDIA,WATCHLIST_CONFIRMED,7.0,38,MID_CYCLE,BEAR
INE989A01032,SANGHVIMOV,SANGHVI MOVERS,WATCHLIST_CONFIRMED,10.0,38,BASING,BEAR
INE879A01019,SHREERAMA,SH. RAMA MULTI.,WATCHLIST_CONFIRMED,9.0,38,MID_CYCLE,BEAR
INE849A01020,TRENT,TRENT,WATCHLIST_CONFIRMED,9.0,38,BASING,BEAR
INE187D01029,TALBROAUTO,TALBROS AUTO.,WATCHLIST_CONFIRMED,9.0,38,BASING,BEAR
INE276C01014,EIHAHOTELS,EIH ASSOC.HOTELS,WATCHLIST_CONFIRMED,9.0,38,BASING,BEAR
INE260B01028,GODFRYPHLP,GODFREY PHILLIPS,WATCHLIST_CONFIRMED,9.0,38,BASING,BEAR
INE460C01014,GANESHHOU,GANESH HOUSING,WATCHLIST_CONFIRMED,9.0,38,BASING,BEAR
INE0ALR01029,ATALREAL,ATAL REALTECH,WATCHLIST_CONFIRMED,9.0,38,BASING,BEAR
INE917I01010,BAJAJ-AUTO,BAJAJ AUTO,WATCHLIST_CONFIRMED,10.0,38,BASING,BEAR
INE147P01019,JPOLYINVST,JINDAL POLY INVE,WATCHLIST_CONFIRMED,10.0,38,MID_CYCLE,BEAR
INE600L01024,LALPATHLAB,DR LAL PATHLABS,WATCHLIST_CONFIRMED,8.0,38,MID_CYCLE,BEAR
INE00EV01017,HARIOMPIPE,HARIOM PIPE,WATCHLIST_CONFIRMED,7.0,38,MID_CYCLE,BEAR
INE978A01027,HERITGFOOD,HERITAGE FOODS,WATCHLIST_CONFIRMED,9.0,38,BASING,BEAR
INE486R01017,GPTHEALTH,GPT HEALTHCARE,WATCHLIST_CONFIRMED,8.0,38,MID_CYCLE,BEAR
INE335Y01020,IRCTC,I R C T C,WATCHLIST_CONFIRMED,9.0,38,BASING,BEAR
INE450U01017,ROUTE,ROUTE MOBILE,WATCHLIST_EXTERNAL,9.0,37,BASING,BEAR
INE0PEQ01016,RBZJEWEL,RBZ JEWELLERS LT,WATCHLIST_EXTERNAL,8.0,37,BASING,BEAR
INE094J01016,UTIAMC,UTI AMC,WATCHLIST_EXTERNAL,8.0,37,MID_CYCLE,BEAR
INE586B01026,TAJGVK,TAJGVK HOTELS,WATCHLIST_EXTERNAL,9.0,37,BASING,BEAR
INE0RWQ01014,TOLINS,TOLINS TYRES,WATCHLIST_EXTERNAL,9.0,37,BASING,BEAR
INE192R01011,DMART,AVENUE SUPER.,WATCHLIST_EXTERNAL,11.0,37,BASING,BEAR
INE718F01018,CSLFINANCE,CSL FINANCE,WATCHLIST_EXTERNAL,8.0,37,MID_CYCLE,BEAR
INE935A01035,GLENMARK,GLENMARK PHARMA.,WATCHLIST_EXTERNAL,8.0,37,MID_CYCLE,BEAR
INE758C01029,AHLUCONT,AHLUWALIA CONTR.,WATCHLIST_EXTERNAL,9.0,37,MID_CYCLE,BEAR
INE943P01029,AGARWALEYE,DR AGARWAL'S HEA,WATCHLIST_EXTERNAL,9.0,37,MID_CYCLE,BEAR
INE0GV601021,ALLTIME,ALL TIME PLASTIC,WATCHLIST_EXTERNAL,8.0,37,BASING,BEAR
INE442H01029,ASHOKA,ASHOKA BUILDCON,WATCHLIST_EXTERNAL,7.0,37,MID_CYCLE,BEAR
INE0LCL01028,AVALON,AVALON TECH,WATCHLIST_EXTERNAL,9.0,37,MID_CYCLE,BEAR
INE399L01023,ATGL,ADANI TOTAL GAS,WATCHLIST_EXTERNAL,10.0,37,MID_CYCLE,BEAR
INE679V01027,AVL,ADITYA VISION,WATCHLIST_EXTERNAL,8.0,37,BASING,BEAR
INE109A01011,SCI,S C I,WATCHLIST_EXTERNAL,10.0,36,MID_CYCLE,BEAR
INE932A01024,PENIND,PENNAR INDUSTRIE,WATCHLIST_EXTERNAL,7.0,36,MID_CYCLE,BEAR
INE219Y01026,RMDRIP,R M DRIP & SPRIN,WATCHLIST_EXTERNAL,7.0,36,MID_CYCLE,BEAR
INE752G01015,MSPL,MSP STEEL & POW.,WATCHLIST_EXTERNAL,8.0,36,MID_CYCLE,BEAR
INE0JYY01011,MWL,MANGALAM WORLD.,WATCHLIST_EXTERNAL,8.0,36,BASING,BEAR
INE196A01026,MARICO,MARICO,WATCHLIST_EXTERNAL,10.0,36,BASING,BEAR
INE0SJA01013,VMSTMT,VMS TMT,WATCHLIST_EXTERNAL,6.0,36,MID_CYCLE,BEAR
INE247M01014,SPECIALITY,SPECIALITY REST.,WATCHLIST_EXTERNAL,10.0,36,BASING,BEAR
INE07RO01027,SUPRIYA,SUPRIYA LIFESCI.,WATCHLIST_EXTERNAL,7.0,36,MID_CYCLE,BEAR
INE0QPI01025,SUDEEPPHRM,SUDEEP PHARMA,WATCHLIST_EXTERNAL,8.0,36,MID_CYCLE,BEAR
INE06ZD01017,SHANTIGOLD,SHANTI GOLD,WATCHLIST_EXTERNAL,7.0,36,BASING,BEAR
INE285K01026,TECHNOE,TECHNO ELEC.ENGG,WATCHLIST_EXTERNAL,8.0,36,MID_CYCLE,BEAR
INE594H01019,THYROCARE,THYROCARE TECH.,WATCHLIST_EXTERNAL,8.0,36,MID_CYCLE,BEAR
INE615H01020,TITAGARH,TITAGARH RAIL,WATCHLIST_EXTERNAL,8.0,36,MID_CYCLE,BEAR
INE235A01022,FINCABLES,FINOLEX CABLES,WATCHLIST_EXTERNAL,9.0,36,MID_CYCLE,BEAR
INE01QM01018,EMUDHRA,EMUDHRA,WATCHLIST_EXTERNAL,10.0,36,BASING,BEAR
INE296H01011,EMKAY,EMK.GLOBAL FIN.,WATCHLIST_EXTERNAL,7.0,36,MID_CYCLE,BEAR
INE818A01017,ANTELOPUS,ANTELOPUS SELAN,WATCHLIST_EXTERNAL,9.0,36,BASING,BEAR
INE837H01020,ADVENZYMES,ADVANCED ENZYME,WATCHLIST_EXTERNAL,8.0,36,MID_CYCLE,BEAR
INE980O01024,JYOTICNC,JYOTI CNC AUTO.,WATCHLIST_EXTERNAL,7.0,36,MID_CYCLE,BEAR
INE192H01020,GRMOVER,GRM OVERSEAS,WATCHLIST_EXTERNAL,10.0,36,BASING,BEAR
INE571A01038,IPCALAB,IPCA LABS.,WATCHLIST_EXTERNAL,9.0,36,MID_CYCLE,BEAR
INE503A01015,DCBBANK,DCB BANK,WATCHLIST_EXTERNAL,8.0,35,MID_CYCLE,BEAR
INE562A01011,INDIANB,INDIAN BANK,WATCHLIST_EXTERNAL,10.0,35,MID_CYCLE,BEAR
INE715A01015,WHEELS,WHEELS INDIA,WATCHLIST_EXTERNAL,10.0,35,BASING,BEAR
INE117Z01011,NARMADA,NARMADA AGROBASE,WATCHLIST_EXTERNAL,9.0,35,BASING,BEAR
INE854D01024,UNITDSPR,UNITED SPIRITS,WATCHLIST_EXTERNAL,8.0,35,BASING,BEAR
INE618R01015,SGFIN,SG FINSERVE,WATCHLIST_EXTERNAL,8.0,35,MID_CYCLE,BEAR
INE0SOY01013,TAC,TAC INFOSEC,WATCHLIST_EXTERNAL,8.0,35,BASING,BEAR
INE225D01027,SYMPHONY,SYMPHONY,WATCHLIST_EXTERNAL,8.0,35,BASING,BEAR
INE0OMO01025,CELLECOR,CELLECOR GADGETS,WATCHLIST_EXTERNAL,8.0,35,BASING,BEAR
INE949L01017,AUBANK,AU SMALL FINANCE,WATCHLIST_EXTERNAL,10.0,35,MID_CYCLE,BEAR
INE176A01028,BATAINDIA,BATA INDIA,WATCHLIST_EXTERNAL,8.0,35,BASING,BEAR
INE039C01032,JAMNAAUTO,JAMNA AUTO INDS.,WATCHLIST_EXTERNAL,9.0,35,BASING,BEAR
INE0HV901016,IXIGO,LE TRAVENUES,WATCHLIST_EXTERNAL,11.0,35,BASING,BEAR
INE766P01016,MAHLOG,MAHINDRA LOGIS.,WATCHLIST_EXTERNAL,9.0,34,MID_CYCLE,BEAR
INE877F01012,PTC,PTC INDIA,WATCHLIST_EXTERNAL,8.0,34,MID_CYCLE,BEAR
INE084Q01012,RACE,RACE ECO,WATCHLIST_EXTERNAL,6.0,34,MID_CYCLE,BEAR
INE474C01023,REMSONSIND,REMSONS IND,WATCHLIST_EXTERNAL,9.0,34,BASING,BEAR
INE775A01035,MOTHERSON,SAMVARDH. MOTHE.,WATCHLIST_EXTERNAL,10.0,34,BASING,BEAR
INE083A01026,MOREPENLAB,MOREPEN LABS.,WATCHLIST_EXTERNAL,8.0,34,MID_CYCLE,BEAR
INE993A01026,MANINDS,MAN INDUSTRIES,WATCHLIST_EXTERNAL,9.0,34,MID_CYCLE,BEAR
INE473A01011,LINDEINDIA,LINDE INDIA,WATCHLIST_EXTERNAL,9.0,34,MID_CYCLE,BEAR
INE388Y01029,NYKAA,FSN E-COMMERCE,WATCHLIST_EXTERNAL,10.0,34,BASING,BEAR
INE229H01012,NITINSPIN,NITIN SPINNERS,WATCHLIST_EXTERNAL,11.0,34,BASING,BEAR
INE513A01022,SCHAEFFLER,SCHAEFFLER INDIA,WATCHLIST_EXTERNAL,9.0,34,BASING,BEAR
INE979A01025,SAREGAMA,SAREGAMA INDIA,WATCHLIST_EXTERNAL,10.0,34,BASING,BEAR
INE467B01029,TCS,TCS,WATCHLIST_EXTERNAL,9.0,34,BASING,BEAR
INE505A01010,DMCC,DMCC SPECIALITY,WATCHLIST_EXTERNAL,8.0,34,MID_CYCLE,BEAR
INE180C01042,CGCL,CAPRI GLOBAL,WATCHLIST_EXTERNAL,8.0,34,MID_CYCLE,BEAR
INE482A01020,CEATLTD,CEAT,WATCHLIST_EXTERNAL,9.0,34,BASING,BEAR
INE421D01022,CCL,CCL PRODUCTS,WATCHLIST_EXTERNAL,11.0,34,BASING,BEAR
INE850D01014,GODREJAGRO,GODREJ AGROVET,WATCHLIST_EXTERNAL,8.0,34,BASING,BEAR
INE276A01018,GARFIBRES,GARWARE TECH.,WATCHLIST_EXTERNAL,8.0,34,BASING,BEAR
INE042A01014,ESCORTS,ESCORTS KUBOTA,WATCHLIST_EXTERNAL,10.0,34,BASING,BEAR
INE901L01018,APLLTD,ALEMBIC PHARMA,WATCHLIST_EXTERNAL,8.0,34,MID_CYCLE,BEAR
INE0QRV01016,ABSMARINE,ABS MARINE,WATCHLIST_EXTERNAL,8.0,34,MID_CYCLE,BEAR
INE084A01016,BANKINDIA,BANK OF INDIA,WATCHLIST_EXTERNAL,9.0,34,MID_CYCLE,BEAR
INE351F01018,JPPOWER,JP POWER VEN.,WATCHLIST_EXTERNAL,8.0,34,MID_CYCLE,BEAR
INE0O6601022,KROSS,KROSS LTD,WATCHLIST_EXTERNAL,8.0,34,BASING,BEAR
INE106T01025,HITECH,HI-TECH PIPES,WATCHLIST_EXTERNAL,8.0,34,MID_CYCLE,BEAR
INE09XN01023,AKUMS,AKUMS DRUGS,WATCHLIST_EXTERNAL,8.0,33,MID_CYCLE,BEAR
INE451A01017,FORCEMOT,FORCE MOTORS,WATCHLIST_EXTERNAL,9.0,33,BASING,BEAR
INE415G01027,RVNL,RAIL VIKAS,WATCHLIST_EXTERNAL,8.0,33,MID_CYCLE,BEAR
INE804L01022,MEDPLUS,MEDPLUS HEALTH,WATCHLIST_EXTERNAL,10.0,33,BASING,BEAR
INE456Z01021,MEDIASSIST,MEDI ASSIST SER.,WATCHLIST_EXTERNAL,9.0,33,LATE_CYCLE,BEAR
INE287C01037,MICEL,MIC ELECTRONICS,WATCHLIST_EXTERNAL,7.0,33,MID_CYCLE,BEAR
INE260D01016,OLECTRA,OLECTRA GREENTEC,WATCHLIST_EXTERNAL,8.0,33,BASING,BEAR
INE589A01014,NLCINDIA,NLC INDIA,WATCHLIST_EXTERNAL,9.0,33,MID_CYCLE,BEAR
INE050M01012,VSSL,VARDHMAN SPECIAL,WATCHLIST_EXTERNAL,8.0,33,MID_CYCLE,BEAR
INE366I01010,VRLLOG,VRL LOGISTICS,WATCHLIST_EXTERNAL,8.0,33,MID_CYCLE,BEAR
INE08NE01025,SANSTAR,SANSTAR,WATCHLIST_EXTERNAL,8.0,33,BASING,BEAR
INE453D01025,SARLAPOLY,SARLA PERFORMANC,WATCHLIST_EXTERNAL,9.0,33,BASING,BEAR
INE0SCO01019,DPEL,DIVINE POWER,WATCHLIST_EXTERNAL,7.0,33,MID_CYCLE,BEAR
INE148O01028,DELHIVERY,DELHIVERY,WATCHLIST_EXTERNAL,9.0,33,MID_CYCLE,BEAR
INE976R01033,AGIIL,AGI INFRA,WATCHLIST_EXTERNAL,7.0,33,BASING,BEAR
INE242C01024,ANANTRAJ,ANANT RAJ,WATCHLIST_EXTERNAL,9.0,33,BASING,BEAR
INE0HQI01014,BEWLTD,BEW ENGG,WATCHLIST_EXTERNAL,6.0,33,MID_CYCLE,BEAR
INE278Y01022,CAMPUS,CAMPUS ACTIVEWE.,WATCHLIST_EXTERNAL,9.0,33,BASING,BEAR
INE787D01026,BALKRISIND,BALKRISHNA INDS,WATCHLIST_EXTERNAL,9.0,33,BASING,BEAR
INE823G01014,JKCEMENT,J K CEMENTS,WATCHLIST_EXTERNAL,8.0,33,MID_CYCLE,BEAR
INE481N01025,HOMEFIRST,HOME FIRST FINAN,WATCHLIST_EXTERNAL,8.0,33,MID_CYCLE,BEAR
INE934S01014,GNA,GNA AXLES,WATCHLIST_EXTERNAL,10.0,32,BASING,BEAR
INE171A01029,FEDERALBNK,FEDERAL BANK,WATCHLIST_EXTERNAL,9.0,32,MID_CYCLE,BEAR
INE08KJ01020,MUFIN,MUFIN GREEN,WATCHLIST_EXTERNAL,7.0,32,MID_CYCLE,BEAR
INE0KNT01012,MVGJL,MANOJ VAIBHAV,WATCHLIST_EXTERNAL,7.0,32,BASING,BEAR
INE0V9Q01010,LOTUSDEV,SRI LOTUS,WATCHLIST_EXTERNAL,7.0,32,BASING,BEAR
INE670K01029,LODHA,LODHA DEVELOPERS,WATCHLIST_EXTERNAL,8.0,32,BASING,BEAR
INE881D01027,OFSS,ORACLE FIN.SERV.,WATCHLIST_EXTERNAL,8.0,32,BASING,BEAR
INE01R501028,VIKRAN,VIKRAN ENGG.,WATCHLIST_EXTERNAL,6.0,32,MID_CYCLE,BEAR
INE980Y01015,SOUTHWEST,SOUTH WEST PINN.,WATCHLIST_EXTERNAL,10.0,32,BASING,BEAR
INE269A01021,SONATSOFTW,SONATA SOFTWARE,WATCHLIST_EXTERNAL,8.0,32,BASING,BEAR
INE424H01027,SUNTV,SUN TV NETWORK,WATCHLIST_EXTERNAL,9.0,32,BASING,BEAR
INE790G01031,SHILPAMED,SHILPA MEDICARE,WATCHLIST_EXTERNAL,8.0,32,MID_CYCLE,BEAR
INE016A01026,DABUR,DABUR INDIA,WATCHLIST_EXTERNAL,8.0,32,BASING,BEAR
INE172A01027,CASTROLIND,CASTROL INDIA,WATCHLIST_EXTERNAL,8.0,32,LATE_CYCLE,BEAR
INE102D01028,GODREJCP,GODREJ CONSUMER,WATCHLIST_EXTERNAL,9.0,32,BASING,BEAR
INE139R01012,FUSION,FUSION FINANCE,WATCHLIST_EXTERNAL,8.0,32,MID_CYCLE,BEAR
INE652V01016,GANESHCP,GANESH CONSUMER,WATCHLIST_EXTERNAL,8.0,32,BASING,BEAR
INE079A01024,AMBUJACEM,AMBUJA CEMENTS,WATCHLIST_EXTERNAL,8.0,32,MID_CYCLE,BEAR
INE257A01026,BHEL,B H E L,WATCHLIST_EXTERNAL,9.0,32,MID_CYCLE,BEAR
INE021A01026,ASIANPAINT,ASIAN PAINTS,WATCHLIST_EXTERNAL,8.0,32,BASING,BEAR
INE034S01021,ARVSMART,ARVIND SMARTSP.,WATCHLIST_EXTERNAL,8.0,32,BASING,BEAR
INE164B01030,KELLTONTEC,KELLTON TECH,WATCHLIST_EXTERNAL,9.0,32,BASING,BEAR
INE0I7C01011,LATENTVIEW,LATENT VIEW,WATCHLIST_EXTERNAL,10.0,32,BASING,BEAR
INE573A01042,JKTYRE,JK TYRE & INDUST,WATCHLIST_EXTERNAL,10.0,32,BASING,BEAR
INE092T01019,IDFCFIRSTB,IDFC FIRST BANK,WATCHLIST_EXTERNAL,8.0,32,MID_CYCLE,BEAR
INE457L01029,PGEL,PG ELECTROPLAST,WATCHLIST_EXTERNAL,8.0,31,BASING,BEAR
INE0J1F01024,RPTECH,RASHI PERIPHERAL,WATCHLIST_EXTERNAL,7.0,31,BASING,BEAR
INE320J01015,RITES,RITES,WATCHLIST_EXTERNAL,7.0,31,MID_CYCLE,BEAR
INE0FRK01020,MOTISONS,MOTISONS JEWEL,WATCHLIST_EXTERNAL,7.0,31,BASING,BEAR
INE420C01059,PAISALO,PAISALO DIGITAL,WATCHLIST_EXTERNAL,8.0,31,MID_CYCLE,BEAR
INE850M01015,NORTHARC,NORTHERN ARC,WATCHLIST_EXTERNAL,7.0,31,MID_CYCLE,BEAR
INE226A01021,VOLTAS,VOLTAS,WATCHLIST_EXTERNAL,8.0,31,BASING,BEAR
INE528G01035,YESBANK,YES BANK,WATCHLIST_EXTERNAL,8.0,31,MID_CYCLE,BEAR
INE274V01019,SHANKARA,SHANKARA BUILDING,WATCHLIST_EXTERNAL,8.0,31,BASING,BEAR
INE480C01038,SDBL,SOM DISTILLERIES,WATCHLIST_EXTERNAL,9.0,31,BASING,BEAR
INE062A01020,SBIN,SBI,WATCHLIST_EXTERNAL,8.0,31,MID_CYCLE,BEAR
INE721A01047,SHRIRAMFIN,SHRIRAM FINANCE,WATCHLIST_EXTERNAL,8.0,31,MID_CYCLE,BEAR
INE483C01032,TANLA,TANLA PLATFORMS,WATCHLIST_EXTERNAL,8.0,31,BASING,BEAR
INE509F01029,CUPID,CUPID,WATCHLIST_EXTERNAL,8.0,31,BASING,BEAR
INE704P01025,COCHINSHIP,COCHIN SHIPYARD,WATCHLIST_EXTERNAL,6.0,31,MID_CYCLE,BEAR
INE075D01018,GMBREW,G M BREWERIES,WATCHLIST_EXTERNAL,10.0,31,BASING,BEAR
INE438A01022,APOLLOTYRE,APOLLO TYRES,WATCHLIST_EXTERNAL,9.0,31,BASING,BEAR
INE376G01013,BIOCON,BIOCON,WATCHLIST_EXTERNAL,7.0,31,MID_CYCLE,BEAR
INE216A01030,BRITANNIA,BRITANNIA INDS.,WATCHLIST_EXTERNAL,8.0,31,BASING,BEAR
INE700A01033,JUBLPHARMA,JUBILANT PHARMO,WATCHLIST_EXTERNAL,7.0,31,MID_CYCLE,BEAR
INE220G01021,JSL,JINDAL STAIN.,WATCHLIST_EXTERNAL,9.0,31,BASING,BEAR
INE094I01018,KOLTEPATIL,KOLTE PATIL DEV.,WATCHLIST_EXTERNAL,8.0,31,BASING,BEAR
INE860A01027,HCLTECH,HCL TECHNOLOGIES,WATCHLIST_EXTERNAL,8.0,31,BASING,BEAR
INE461C01038,GREENPLY,GREENPLY INDUSTR,WATCHLIST_EXTERNAL,8.0,31,BASING,BEAR
INE238A01034,AXISBANK,AXIS BANK,WATCHLIST_EXTERNAL,8.0,30,MID_CYCLE,BEAR
INE855R01021,RADIANTCMS,RADIANT CASH,WATCHLIST_EXTERNAL,8.0,30,BASING,BEAR
INE619A01035,PATANJALI,PATANJALI FOODS,WATCHLIST_EXTERNAL,8.0,30,BASING,BEAR
INE071D01033,MENONBE,MENON BEARINGS,WATCHLIST_EXTERNAL,8.0,30,BASING,BEAR
INE665J01013,VMART,V-MART RETAIL,WATCHLIST_EXTERNAL,8.0,30,BASING,BEAR
INE07K301024,ZAGGLE,ZAGGLE PREPAID,WATCHLIST_EXTERNAL,8.0,30,BASING,BEAR
INE683A01023,SOUTHBANK,SOUTH IND.BANK,WATCHLIST_EXTERNAL,7.0,30,MID_CYCLE,BEAR
INE805D01034,SUNTECK,SUNTECK REALTY,WATCHLIST_EXTERNAL,8.0,30,BASING,BEAR
INE680A01011,DHANBANK,DHANLAXMI BANK,WATCHLIST_EXTERNAL,7.0,30,MID_CYCLE,BEAR
INE684F01012,FSL,FIRSTSOUR.SOLU.,WATCHLIST_EXTERNAL,9.0,30,BASING,BEAR
INE343G01021,BHARTIHEXA,BHARTI HEXACOM,WATCHLIST_EXTERNAL,8.0,30,BASING,BEAR
INE0UIZ01018,BLACKBUCK,BLACKBUCK,WATCHLIST_EXTERNAL,8.0,30,MID_CYCLE,BEAR
INE073G01016,ASALCBR,ASSOC.ALCOHOLS,WATCHLIST_EXTERNAL,8.0,30,BASING,BEAR
INE643A01035,JTEKTINDIA,JTEKT INDIA,WATCHLIST_EXTERNAL,8.0,30,BASING,BEAR
INE788H01017,HILTON,HILTON MET.FORG.,WATCHLIST_EXTERNAL,6.0,30,MID_CYCLE,BEAR
INE01GN01025,IRISDOREME,IRIS CLOTHINGS,WATCHLIST_EXTERNAL,8.0,30,BASING,BEAR
INE09VQ01012,INDIGOPNTS,INDIGO PAINTS,WATCHLIST_EXTERNAL,8.0,30,BASING,BEAR
INE922K01024,INDIASHLTR,INDIA SHELTE FIN,WATCHLIST_EXTERNAL,7.0,30,MID_CYCLE,BEAR
INE944F01028,RADICO,RADICO KHAITAN,WATCHLIST_EXTERNAL,9.0,29,BASING,BEAR
INE982J01020,PAYTM,ONE 97,WATCHLIST_EXTERNAL,7.0,29,MID_CYCLE,BEAR
INE063E01053,POCL,PONDY OXIDES,WATCHLIST_EXTERNAL,8.0,29,BASING,BEAR
INE1RDG01013,PNGSREVA,PNGS REVA DIAMO.,WATCHLIST_EXTERNAL,7.0,29,BASING,BEAR
INE0KKN01029,RHETAN,RHETAN TMT LTD,WATCHLIST_EXTERNAL,8.0,29,MID_CYCLE,BEAR
INE182D01020,MARATHON,MARATHON NEXTGEN,WATCHLIST_EXTERNAL,7.0,29,BASING,BEAR
INE825V01034,MANYAVAR,VEDANT FASHIONS,WATCHLIST_EXTERNAL,7.0,29,BASING,BEAR
INE784W01015,MANOMAY,MANOMAY TEX INDI,WATCHLIST_EXTERNAL,8.0,29,BASING,BEAR
INE498Q01014,VINCOFE,VINTAGE COFFEE,WATCHLIST_EXTERNAL,8.0,29,BASING,BEAR
INE548C01032,EMAMILTD,EMAMI,WATCHLIST_EXTERNAL,7.0,29,BASING,BEAR
INE073V01015,COMSYN,COMMERL. SYNBAGS,WATCHLIST_EXTERNAL,7.0,29,MID_CYCLE,BEAR
INE025B01025,GOLDIAM,GOLDIAM INTL.,WATCHLIST_EXTERNAL,7.0,29,BASING,BEAR
INE883F01010,AADHARHFC,AADHAR HSG. FIN.,WATCHLIST_EXTERNAL,7.0,29,MID_CYCLE,BEAR
INE463A01038,BERGEPAINT,BERGER PAINTS,WATCHLIST_EXTERNAL,7.0,29,BASING,BEAR
INE791I01019,BRIGADE,BRIGADE ENTERPR.,WATCHLIST_EXTERNAL,9.0,29,BASING,BEAR
INE439A01020,ASAHIINDIA,ASAHI INDIA GLAS,WATCHLIST_EXTERNAL,9.0,29,BASING,BEAR
INE176B01034,HAVELLS,HAVELLS INDIA,WATCHLIST_EXTERNAL,8.0,29,BASING,BEAR
INE224A01026,GREAVESCOT,GREAVES COTTON,WATCHLIST_EXTERNAL,6.0,29,MID_CYCLE,BEAR
INE030A01027,HINDUNILVR,HIND. UNILEVER,WATCHLIST_EXTERNAL,7.0,29,BASING,BEAR
INE927D01051,JBMA,JBM AUTO,WATCHLIST_EXTERNAL,8.0,29,BASING,BEAR
INE953O01021,SANSERA,SANSERA ENGINEE.,WATCHLIST_EXTERNAL,8.0,28,BASING,BEAR
INE189I01024,NELCAST,NELCAST,WATCHLIST_EXTERNAL,6.0,28,MID_CYCLE,BEAR
INE0HLU01028,MOBIKWIK,ONE MOBIKWIK,WATCHLIST_EXTERNAL,6.0,28,MID_CYCLE,BEAR
INE423Y01016,SBFC,SBFC FINANCE,WATCHLIST_EXTERNAL,6.0,28,MID_CYCLE,BEAR
INE324X01026,SARVESHWAR,SARVESHWAR FOODS,WATCHLIST_EXTERNAL,6.0,28,BASING,BEAR
INE760L01018,TBZ,T B Z,WATCHLIST_EXTERNAL,7.0,28,BASING,BEAR
INE974X01010,TIINDIA,TUBE INVESTMENTS,WATCHLIST_EXTERNAL,9.0,28,BASING,BEAR
INE230A01023,EIHOTEL,EIH,WATCHLIST_EXTERNAL,8.0,28,BASING,BEAR
INE852O01025,APTUS,APTUS VALUE HOU.,WATCHLIST_EXTERNAL,7.0,28,MID_CYCLE,BEAR
INE465A01025,BHARATFORG,BHARAT FORGE,WATCHLIST_EXTERNAL,9.0,28,BASING,BEAR
INE036D01028,KARURVYSYA,KARUR VYSYA BANK,WATCHLIST_EXTERNAL,7.0,28,MID_CYCLE,BEAR
INE06WU01026,LAXMIINDIA,LAXMI INDIA FIN.,WATCHLIST_EXTERNAL,6.0,28,MID_CYCLE,BEAR
INE066P01011,INOXWIND,INOX WIND,WATCHLIST_EXTERNAL,7.0,28,MID_CYCLE,BEAR
INE546C01010,PICCADIL,PICCADILY AGRO,WATCHLIST_EXTERNAL,6.0,27,BASING,BEAR
INE417T01026,POLICYBZR,PB FINTECH.,WATCHLIST_EXTERNAL,6.0,27,MID_CYCLE,BEAR
INE0OJW01016,ROSSTECH,ROSSELL TECHSYS,WATCHLIST_EXTERNAL,5.0,27,MID_CYCLE,BEAR
INE645S01024,ROLEXRINGS,ROLEX RINGS,WATCHLIST_EXTERNAL,7.0,27,BASING,BEAR
INE976G01028,RBLBANK,RBL BANK,WATCHLIST_EXTERNAL,7.0,27,MID_CYCLE,BEAR
INE012Q01039,RNBDENIMS,R&B DENIMS,WATCHLIST_EXTERNAL,7.0,27,BASING,BEAR
INE255X01014,MSTCLTD,MSTC,WATCHLIST_EXTERNAL,6.0,27,BASING,BEAR
INE976A01021,WSTCSTPAPR,WEST COAST PAPER,WATCHLIST_EXTERNAL,8.0,27,BASING,BEAR
INE602W01027,SENCO,SENCO GOLD,WATCHLIST_EXTERNAL,7.0,27,BASING,BEAR
INE0MWH01014,TRUALT,TRUALT BIOENERGY,WATCHLIST_EXTERNAL,7.0,27,BASING,BEAR
INE183A01024,FINPIPE,FINOLEX INDS.,WATCHLIST_EXTERNAL,7.0,27,MID_CYCLE,BEAR
INE02YR01019,EMIL,ELECTRONICS MART,WATCHLIST_EXTERNAL,7.0,27,BASING,BEAR
INE364U01010,ADANIGREEN,ADANI GREEN,WATCHLIST_EXTERNAL,7.0,27,MID_CYCLE,BEAR
INE836A01035,BSOFT,BIRLASOFT LTD,WATCHLIST_EXTERNAL,7.0,27,BASING,BEAR
INE918I01026,BAJAJFINSV,BAJAJ FINSERV,WATCHLIST_EXTERNAL,6.0,27,MID_CYCLE,BEAR
INE040A01034,HDFCBANK,HDFC BANK,WATCHLIST_EXTERNAL,7.0,27,MID_CYCLE,BEAR
INE565A01014,IOB,I O B,WATCHLIST_EXTERNAL,7.0,27,MID_CYCLE,BEAR
